Postal code;Lat;Long
5571;50.145.229.203.958.400;497.830.552.524.816
5080;5.051.802.156.697.480;4.823.040.677.097.620
5543;5.016.549.170.513.230;4.844.595.751.539.790
3581;51.090.098.965.515.800;5.248.218.029.108.460
3583;51.047.686.051.880.700;5.173.248.093.354.310
3590;5.091.148.333.449.560;5.417.426.449.396.490
3640;5.117.115.647.372.930;572.880.856.924.644
3717;5.072.596.086.466.410;5.425.422.103.675.050
3891;50.750.593.993.217.700;51.763.269.783.803.100
3980;51.054.783.189.174.600;5.069.536.263.946.340
8553;5.080.839.107.751.570;34.215.637.822.902.700
6870;5.003.690.455.420.120;5.313.902.123.517.160
7504;5.058.098.203.970.650;33.303.814.103.708.500
7822;506.471.815.598.948;38.439.814.768.590.500
1401;50.617.663.557.366.700;4.358.076.642.200.510
1460;5.064.085.582.622.050;4.259.715.332.494.390
2640;5.117.463.975.833.740;4.461.040.132.890.290
2382;5.144.976.104.267.060;5.052.107.033.848.180
2310;5.135.514.942.435.800;47.674.942.745.236.300
2547;5.112.769.847.424.810;4.497.806.447.410.260
2845;5.110.729.376.871.480;433.556.593.193.733
2060;51.248.447.820.724.300;4.376.134.025.032.600
2627;5.112.267.361.693.440;4.342.687.429.249.920
2381;5.141.131.354.672.350;50.060.100.753.927.500
2150;5.119.145.932.067.740;4.487.687.146.271.740
2387;5.141.641.400.189.450;4.903.894.210.159.390
3472;5.089.424.346.153.920;50.063.731.488.353.700
3272;5.101.625.602.737.970;4.946.307.973.458.270
3212;508.747.668.407.872;47.900.296.902.561.900
1640;50.744.496.059.136.000;4.373.732.794.655.720
3450;5.089.500.693.999.190;510.532.003.006.251
1540;50.722.404.957.481.000;403.604.040.962.386
9473;5.089.809.663.996.490;4.050.302.142.583.160
9112;5.116.014.232.146.860;4.029.177.437.791.310
9031;51.051.202.535.013.300;3.633.046.770.040.210
9308;509.673.651.621.167;4.029.669.760.417.310
4730;50.649.166.334.686.700;6.140.831.297.731.920
4632;5.065.314.739.422.450;5.722.308.262.380.480
4351;506.969.029.287.981;5.341.979.782.980.760
4480;5.054.940.848.302.810;5.390.638.932.115.770
4910;50.479.293.293.663.200;5.792.942.482.132.820
7510;50.602.611.637.589.600;3.347.229.563.836.700
7020;504.951.508.161.205;3.972.124.117.938.850
6534;5.034.868.908.709.580;4.346.616.190.652.400
7860;5.070.782.135.153.300;38.276.559.593.212.600
7330;504.500.706.332.298;38.172.904.337.168.100
7864;5.073.219.062.587.630;386.465.888.313.695
7100;5.048.132.422.290.690;419.011.154.300.274
6531;5.031.812.045.059.710;4.311.671.935.515.350
3722;50.855.692.119.449.900;5.409.332.424.911.170
8550;5.080.547.297.509.660;3.339.351.438.011.730
8691;50.976.301.824.160.700;263.603.213.658.728
8700;5.099.997.764.926.430;33.374.069.061.288.800
8760;5.095.105.389.378.750;3.295.037.936.851.290
6840;498.424.024.694.399;5.431.672.182.519.430
6983;50.130.140.819.937.100;5.628.599.161.615.830
6987;50.225.561.542.216.400;5.482.531.103.545.010
3120;5.099.429.271.970.900;4.709.198.894.538.120
1541;5.070.447.653.722.270;39.925.589.861.453.300
3270;5.097.091.251.522.210;4.977.675.317.891.440
5351;50.441.864.713.360.200;5.147.327.658.298.040
5540;502.078.836.754.068;4.832.756.422.482.890
5550;4.981.215.041.837.720;49.131.328.842.918.300
3582;5.107.062.776.310.160;528.067.689.900.486
3850;5.087.456.504.009.530;5.193.628.950.060.380
8480;51.130.084.962.134.500;30.248.478.443.119.200
8570;5.084.340.914.962.330;3.464.043.077.530.350
8830;5.098.182.637.352.010;30.640.233.035.166.600
8978;50.847.277.895.421.800;26.407.127.152.519.600
3300;5.080.922.727.420.930;4.941.172.558.459.960
3401;50.718.032.360.518.400;5.087.728.599.429.140
3210;5.088.357.963.294.680;4.835.081.689.733.580
1501;5.073.746.200.178.330;4.262.453.273.944.150
1950;50.845.386.982.127.400;4.471.344.481.505.890
9771;50.882.928.824.884.400;35.027.556.718.941.900
9190;5.121.058.097.517.080;4.018.028.609.943.870
9051;51.020.835.067.310.200;36.770.404.444.377.900
9700;50.848.018.865.686.800;3.611.088.262.898.640
9770;50.916.145.054.810.700;35.299.631.913.517.900
4181;5.042.561.167.704.620;557.670.059.087.153
4342;5.068.356.624.247.200;5.455.776.383.600.710
4161;5.050.232.901.763.110;5.512.449.688.843.030
4650;5.060.668.764.857.250;5.806.874.439.823.570
4257;50.712.009.582.693.600;5.210.981.477.843.380
6210;5.053.834.844.566.400;4.445.996.016.740.620
7802;5.058.665.419.458.760;37.293.017.141.190.100
6200;5.038.361.148.737.180;4.510.607.244.620.070
7000;50.456.203.480.863.900;39.685.021.666.591.300
7021;5.045.918.696.003.360;4.044.682.821.851.170
1033;50.861.805.515.601.400;438.605.713.534.583
1006;5.087.298.266.192.050;4.375.234.148.039.780
1043;50.861.805.515.601.400;438.605.713.534.583
1060;50.829.476.307.319.700;4.344.697.581.912.630
1300;5.069.801.921.281.270;45.719.102.975.057
2170;5.125.156.639.821.800;444.450.162.313.264
2630;5.113.183.400.239.180;4.382.521.989.987.770
7711;5.073.438.991.075.170;32.937.990.942.292.300
6210;5.048.811.219.247.630;4.470.914.471.459.320
7190;5.056.896.913.004.570;41.634.062.777.021.800
1120;5.087.298.266.192.050;4.375.234.148.039.780
1150;5.083.109.966.996.700;4.443.103.143.199.100
1320;5.078.029.938.291.990;47.850.703.687.239.300
1331;5.073.537.497.297.930;4.546.587.881.040.530
1348;5.064.437.790.193.210;4.610.583.193.636.520
1404;506.042.547.788.242;42.629.198.483.323
2520;511.851.724.480.689;4.599.904.016.207.300
2490;51.166.344.406.480.700;5.189.507.620.442.090
2530;51.160.670.898.875.300;4.507.452.123.689.270
2270;5.113.916.219.772.630;4.759.935.300.337.720
5621;5.029.540.777.309.940;4.565.329.626.632.810
5640;503.263.285.233.684;4.650.508.996.795.710
5537;503.335.869.684.532;4.796.803.952.608.390
5020;5.049.563.850.900.460;4.873.254.627.779.400
5377;50.296.262.885.971.000;5.303.213.461.804.260
5081;5.053.704.044.788.270;4.775.332.482.316.220
3501;5.087.972.176.549.930;5.353.051.553.893.260
3620;5.089.998.677.041.690;5.645.659.516.356.110
3950;5.119.088.890.327.580;5.587.395.210.052.490
8850;509.707.202.465.605;3.204.586.319.277.040
6821;49.742.933.997.928.500;5.298.180.861.291.900
6834;49.839.895.206.995.400;5.119.076.371.486.760
6852;4.994.920.516.539.990;5.124.980.525.130.460
6853;4.992.614.724.730.350;5.161.248.013.672.430
6997;50.291.261.976.609.100;5.580.717.761.285.830
1654;50.748.563.374.114.000;4.274.053.226.347.690
3118;50.974.437.446.459.700;4.707.853.684.749.770
1653;50.733.773.934.276.900;4.298.649.637.605.850
9270;5.103.888.355.150.800;38.572.563.876.425.900
9290;5.102.452.070.785.000;39.594.524.507.697.300
9681;5.078.349.852.701.910;36.038.124.977.970.300
4761;5.045.179.830.084.440;6.305.604.104.635.680
4140;50.507.415.279.953.900;56.370.035.682.496.300
4877;5.058.736.496.113.960;5.731.972.613.312.910
4670;50.680.270.695.887.900;5.747.660.575.405.220
4750;50.479.812.184.949.600;6.223.987.444.186.980
4780;50.284.535.167.130.500;6.144.925.075.596.320
4051;5.060.192.572.212.110;56.339.567.661.787.500
4652;5.061.078.931.878.820;5.771.850.776.307.530
7740;5.068.821.665.184.890;3.328.838.749.789.710
6221;5.051.075.215.545.840;4.529.097.147.609.300
7942;5.061.648.174.771.690;38.531.560.201.932.300
7332;5.050.994.439.203.580;3.779.560.383.207.140
7010;504.951.508.161.205;3.972.124.117.938.850
6500;50.213.805.173.417.200;424.543.910.724.317
6250;50.416.649.525.281.200;4.591.784.707.468.040
7624;505.162.241.204.786;3.349.949.848.814.550
7611;5.052.946.413.753.030;3.306.893.241.964.830
7130;5.041.072.051.574.390;4.175.446.206.829.680
6560;5.030.024.640.277.610;4.145.436.326.314.290
5560;50.172.628.492.844.800;4.968.684.555.520.790
5363;50.335.160.801.619.300;5.113.867.500.779.080
5600;5.016.289.384.914.990;4.571.891.599.680.240
5641;503.095.092.940.113;470.307.395.011.975
5501;5.028.922.251.728.590;49.526.064.024.415
5651;5.029.549.130.048.670;4.455.249.275.038.870
5030;5.056.226.114.863.280;4.697.014.729.356.800
5150;5.042.119.091.720.400;477.748.662.433.658
3660;5.104.035.063.845.220;557.135.925.539.233
8610;510.244.017.181.459;29.995.172.539.979.000
8755;5.105.512.431.930.620;3.382.269.724.086.240
6630;4.981.114.180.866.700;5.724.790.024.237.840
6660;5.012.884.928.984.160;5.785.168.385.349.330
6781;4.961.176.867.222.080;5.855.063.999.433.780
6813;49.707.492.590.823.900;5.458.886.356.855.330
6920;50.065.483.546.895;5.111.386.048.020.260
1820;50.908.686.915.761.100;4.512.768.329.408.150
1502;5.071.036.726.580.030;4.217.983.586.174.800
3370;5.083.055.983.736.090;4.826.380.661.577.230
1852;50.954.721.858.824.500;4.363.325.827.639.950
1700;5.084.856.042.288.080;42.578.958.901.376.400
9860;50.933.609.936.771.300;37.703.436.593.791.900
9790;5.086.191.054.804.520;35.005.613.467.294.200
9570;5.078.878.863.358.730;38.431.823.958.137.700
4458;5.071.433.424.897.990;55.784.149.471.353.300
4031;5.059.185.028.437.590;5.577.531.125.648.640
4650;5.069.098.820.020.850;5.771.891.439.181.930
4560;50.420.737.448.736.700;5.369.765.408.196.320
4770;5.035.694.653.199.720;613.522.075.073.925
6110;5.037.221.819.422.900;4.377.794.034.073.580
7034;5.048.200.388.760.710;400.345.440.389.874
6532;50.311.942.516.865.700;4.269.962.571.572.190
6530;503.444.427.429.975;4.296.923.768.430.380
7604;5.055.086.938.268.500;3.536.924.130.255.550
7500;50.604.136.689.758.700;3.389.009.268.205.480
7333;5.046.581.770.145.300;3.800.762.342.554.160
7803;5.063.179.570.360.420;378.049.228.040.414
6594;50.005.375.479.855.100;4.162.295.575.481.090
7910;5.068.754.560.428.390;3.530.466.499.652.590
6120;5.032.368.641.321.890;4.392.363.013.422.620
7506;5.057.378.705.169.130;33.513.415.277.031.900
7783;5.072.755.766.166.640;28.780.756.030.848.800
1200;5.084.789.153.612.170;4.431.541.527.426.490
1049;5.087.001.921.742.840;4.408.236.007.087.510
1370;50.717.769.456.989.600;4.877.544.510.544.010
2590;5.110.495.876.136.280;4.654.716.228.104.270
2431;5.106.274.475.941.580;4.979.785.860.950.480
2801;51.048.896.156.279.400;4.409.688.494.262.010
6769;4.961.163.093.704.920;5.480.048.194.278.170
6044;50.439.827.627.940.500;4.390.184.365.559.580
6030;5.040.979.153.641.900;44.003.850.453.821.600
1780;5.090.957.954.247.920;430.932.217.692.078
9402;50.819.933.611.266.500;4.047.828.651.322.140
9920;5.110.476.775.744.930;3.622.449.773.263.770
9185;5.118.040.422.959.490;38.732.661.150.898.000
9030;5.107.386.417.979.970;36.785.357.740.312.900
9140;51.140.756.480.974.700;4.216.570.683.439.020
4141;5.052.741.912.628.160;5.717.120.147.431.570
4570;50.473.945.293.960.400;5.233.448.550.941.890
6464;5.000.089.209.592.160;4.357.438.686.155.870
7861;5.069.629.991.312.960;37.873.374.933.022.100
7131;50.404.053.619.435.300;4.150.309.924.021.000
7134;5.042.207.407.680.260;4.193.661.361.460.710
6181;5.049.356.069.435.280;4.321.858.639.805.030
7382;5.038.275.401.924.750;3.723.392.783.820.700
7301;5.042.392.561.275.430;38.208.323.149.960.900
6230;5.051.181.207.915.500;4.390.802.624.362.680
1130;5.087.298.266.192.050;4.375.234.148.039.780
1410;5.070.976.366.812.470;4.403.520.554.166.190
1474;5.062.720.733.860.350;4.470.868.865.304.240
2350;5.130.529.427.138.710;4.885.090.740.973.930
2870;51.072.368.741.393.900;4.291.591.868.087.930
2360;5.132.073.392.547.650;5.004.371.318.046.820
5364;5.036.563.070.490.370;5.124.727.454.236.160
5001;5.046.995.741.568.750;4.821.762.784.969.380
5000;50.457.759.547.420.400;4.854.539.162.275.630
3530;51.030.095.988.663.900;54.215.253.160.211.200
3580;51.045.748.329.744.200;5.223.021.187.980.110
3742;5.085.271.278.619.860;5.532.850.517.898.540
3791;5.072.970.119.687.920;5.883.215.704.808.160
3798;5.076.051.302.436.150;577.243.333.760.869
8460;5.119.721.509.326.910;2.998.147.048.625.270
8582;5.075.878.665.269.720;3.426.397.560.847.420
8640;5.092.894.644.794.190;2.745.174.468.977.810
8690;5.101.476.098.287.000;272.121.062.374.652
8791;5.087.235.752.687.970;3.345.056.110.746.940
8880;5.087.492.645.636.230;31.513.772.152.801.400
6600;4.999.402.420.506.630;5.778.188.594.148.570
6688;500.426.383.250.265;5.670.351.880.014.500
6692;5.028.124.402.586.550;5.988.170.180.603.460
6980;5.015.622.908.507.210;5.522.423.987.166.030
1860;50.943.740.928.977;4.325.099.323.868.310
1650;5.076.625.120.592.780;4.312.619.251.793.210
1742;5.087.573.299.371.620;41.359.676.324.531.700
5523;50.279.590.825.418.500;4.857.621.564.582.520
3800;50.798.878.110.258.000;52.274.980.798.927.700
3941;51.156.731.809.260.200;5.350.842.696.730.280
8554;5.076.269.677.519.780;33.518.778.713.429.900
8904;5.089.559.226.356.290;2.865.255.587.209.110
8954;5.079.934.939.433.770;27.437.920.011.764.800
8956;5.079.001.022.171.510;2.835.750.526.775.860
8970;50.853.593.199.911.800;271.933.380.201.441
6900;5.021.249.107.184.120;53.662.325.505.714.000
3200;5.098.527.054.969.420;48.343.102.291.469.700
1674;50.737.711.397.804;41.587.223.583.369.500
3054;5.082.209.967.822.460;4.688.803.551.561.260
3010;5.088.954.206.447.250;4.736.791.897.843.720
3053;5.081.690.502.548.460;4.705.482.591.274.830
1105;5.087.298.266.192.050;4.375.234.148.039.780
1050;50.822.325.604.082.200;4.377.065.860.435.230
2320;51.399.348.468.595.500;4.742.741.597.146.220
2321;51.452.321.282.795.300;4.727.615.310.693.470
2531;51.175.995.125.929.600;4.536.292.285.020.090
9200;5.103.696.478.515.700;4.084.093.700.934.430
9991;5.118.218.511.767.290;3.502.766.008.215.290
9180;5.118.224.611.521.420;39.450.631.009.265
9980;51.232.721.096.844.300;3.537.156.676.449.160
9881;5.109.168.561.675.320;34.977.257.175.846.700
9571;5.080.897.937.344.390;38.629.835.042.889.300
4163;50.496.045.601.679.700;5.473.824.801.913.650
4990;5.029.409.301.034.040;5.794.561.305.962.560
4450;50.708.868.602.680.000;5.547.836.209.240.520
4970;5.039.359.722.903.740;5.950.319.171.761.080
4053;5.059.057.394.130.480;5.607.087.043.742.460
4681;5.071.604.706.559.910;5.675.361.165.537.330
7512;50.637.541.773.166.400;33.845.370.472.413.000
7620;505.449.124.056.137;33.992.738.246.942.300
6142;5.038.772.819.346.950;4.321.438.240.901.540
7862;507.210.042.912.353;37.749.973.625.661.900
7300;50.428.770.523.273.000;3.788.860.299.004.140
8370;5.129.837.935.392.510;314.160.121.764.503
8430;5.117.815.500.112.930;28.368.380.598.056.200
8680;5.109.021.185.685.530;29.722.168.338.691.400
8740;5.099.261.140.625.520;3.270.450.267.559.880
8900;5.081.848.404.852.770;2.820.689.990.115.550
6662;50.104.656.740.274.500;5.844.017.287.644.830
6672;50.203.028.455.680.700;5.995.047.199.568.520
6860;4.980.698.722.514.830;56.099.619.087.915.400
6970;5.008.393.238.628.600;54.602.215.163.455.100
1831;50.892.944.354.955.400;4.445.229.932.624.740
3320;5.078.225.179.814.630;4.877.610.300.119.020
5500;50.228.545.842.808.900;490.622.118.525.634
5022;5.051.703.286.547.310;49.080.968.903.714.900
5541;502.078.836.754.068;4.832.756.422.482.890
5542;5.019.203.680.336.440;48.407.337.935.185.600
5520;5.024.596.761.096.660;4.850.650.076.002.720
3550;5.100.902.295.258.930;5.294.774.004.254.100
3793;50.752.388.289.041.700;5.872.385.566.958.150
3803;5.083.301.023.422.720;5.147.664.225.873.100
3830;5.084.595.525.055.630;5.336.452.655.385.170
3831;50.827.012.457.782.100;5.332.926.888.163.770
9500;50.820.983.674.896.200;38.868.636.876.065.700
4607;50.728.569.832.193;5.741.479.660.950.060
4730;50.707.875.064.250.600;606.781.126.323.219
4050;5.058.522.465.817.120;56.444.051.822.288.700
4601;5.070.207.095.830.980;5.688.323.937.396.010
4784;50.285.770.240.148.700;60.682.953.719.167.700
4920;5.046.110.254.469.120;5.670.030.537.118.230
4042;5.069.186.805.608.340;5.571.167.772.120.220
7320;50.480.332.045.342.700;3.647.114.170.315.040
7830;506.479.669.266.252;39.393.945.696.011.500
7641;5.055.998.570.298.440;34.260.710.273.518.800
1040;5.087.298.266.192.050;4.375.234.148.039.780
1342;5.068.379.979.985.520;45.584.085.198.370.400
1472;5.062.507.941.120.230;4.412.997.016.590.900
2200;51.183.255.497.155.200;4.831.562.156.337.340
2900;5.126.417.701.511.700;4.508.194.509.964.700
2240;5.122.069.321.522.650;4.665.552.049.419.400
2940;51.337.978.875.586.800;436.993.960.452.919
9570;50.820.759.323.517.800;3.837.351.919.604.350
9830;51.015.740.803.574.000;36.294.698.250.650.800
9300;50.941.780.843.882.900;4.047.007.532.896.990
9340;50.957.953.814.619.200;3.942.331.671.334.090
9600;50.749.709.459.509.700;36.075.931.433.164.600
9981;51.270.401.617.861.900;35.397.930.596.762
9850;51.044.421.243.003.500;3.535.967.009.652.090
9500;5.075.631.465.402.030;38.691.914.611.452.800
9170;5.122.764.907.167.510;4.119.502.014.366.560
4624;5.060.428.331.237.350;5.665.233.901.405.930
4577;50.477.535.782.778.100;52.879.021.079.343.000
4260;5.061.047.819.822.580;5.115.731.505.060.560
4821;5.061.429.464.831.290;5.884.105.409.196.770
4500;5.049.945.695.953.770;5.181.064.535.082.790
4782;5.028.086.655.228.510;6.255.547.264.540.820
4671;5.065.534.079.444.830;5.674.857.738.316.830
4000;5.064.100.863.770.030;5.576.746.544.206.010
4260;5.060.532.373.506.870;5.175.956.196.264.240
4672;5.069.333.591.033.590;5.707.331.819.981.650
4451;5.068.931.739.251.800;5.548.125.535.686.040
4621;5.062.899.679.344.330;5.698.379.831.248.310
7823;50.635.129.295.259.100;388.836.464.420.893
7191;5.056.896.913.004.570;41.634.062.777.021.800
6462;5.006.370.274.451.570;4.364.589.916.088.010
7623;5.050.608.146.948.220;338.554.306.737.723
6075;5.047.084.791.169.860;45.358.954.856.785.600
6020;5.041.727.752.258.540;4.426.930.454.280.800
7601;5.052.937.405.342.300;3.586.478.486.826.300
7061;50.519.242.244.798.200;404.800.871.255.348
1020;5.087.298.266.192.050;4.375.234.148.039.780
1090;50.881.720.021.988.200;4.321.383.766.329.780
1301;507.168.861.193.855;4.581.594.841.842.490
1330;507.122.118.597.938;4.528.024.961.130.180
2610;5.116.429.714.238.410;4.387.893.089.723.030
8301;5.131.166.474.283.850;32.588.654.806.261.400
8310;5.121.677.335.757.060;32.724.169.340.982.700
8421;5.126.258.540.478.530;3.062.663.199.459.580
8647;5.097.051.264.978.580;2.736.133.320.548.190
8660;510.704.142.079.429;25.945.876.048.058.900
8800;5.094.625.796.358.600;31.177.834.512.642.900
8820;51.062.335.838.080.800;3.095.483.897.636.920
8957;50.759.777.966.611.000;28.975.460.982.504.200
6686;5.006.338.776.348.130;5.606.593.809.442.780
6698;5.032.371.252.905.660;5.907.434.542.453.930
6742;4.964.881.693.322.210;5.660.868.788.927.630
6836;49.792.793.746.138.700;51.354.266.792.414.400
6850;4.989.790.501.802.280;5.128.141.991.092.270
6921;5.006.655.938.330.610;515.517.535.823.723
1931;50.892.944.354.955.400;4.445.229.932.624.740
3130;5.099.502.244.496.060;4.785.669.137.790.250
3012;5.092.127.141.131.540;4.707.202.587.569.180
3271;5.099.895.330.058.120;4.981.617.466.438.010
3724;5.083.027.442.474.480;5.422.309.843.662.540
3746;5.086.640.062.480.260;55.493.058.423.195.300
5024;5.049.074.420.495.640;4.962.847.303.886.850
5170;5.038.843.943.711.710;48.264.040.094.071.200
5590;5.025.624.897.081.880;5.122.824.767.561.590
5333;5.038.965.322.349.170;5.024.831.035.542.030
3650;5.103.297.006.986.550;570.023.659.884.594
3665;5.100.403.806.391.600;5.570.947.431.025.020
3720;5.086.601.338.435.880;53.782.910.830.164.700
3970;5.112.093.887.157.150;5.265.840.257.968.890
8770;50.921.458.230.622.500;3.260.684.729.457.540
6640;49.911.239.171.143;56.089.347.598.933.300
6660;501.553.599.185.884;5.681.868.604.193.090
6687;5.008.988.048.136.100;5.678.127.382.385.670
6717;4.975.420.777.419.080;5.776.093.147.961.590
6761;4.955.987.469.152.940;5.566.885.790.661.550
6950;501.175.874.690.849;5.367.278.074.686.650
6990;50.268.167.181.605;5.451.885.055.651.390
3381;50.887.760.594.878.100;4.958.995.562.242.450
3052;5.082.559.015.169.220;4.710.276.094.943.630
1673;50.733.790.299.411.500;4.181.339.451.829.360
1570;5.074.105.581.245.330;39.902.980.751.472.400
3140;5.100.520.268.020.050;4.654.303.955.797.990
9032;51.115.287.374.583.300;3.738.386.889.083.240
9630;5.087.804.896.694.430;37.346.053.432.296.300
9130;5.129.334.611.618.760;4.203.171.492.710.520
4540;5.055.255.963.122.390;5.311.435.799.134.490
4367;50.716.831.389.555.600;5.402.696.581.101.540
4834;5.059.872.335.953.810;5.957.013.126.892.890
4602;5.068.354.687.061.110;567.580.876.014.664
4020;50.639.959.100.598.100;5.638.561.209.383.810
4300;5.069.000.743.206.160;5.253.818.432.923.700
4608;50.714.506.071.689.000;5.777.538.738.447.600
7712;50.721.852.963.883.900;3.240.635.140.304.600
6032;50.382.584.915.377.500;4.409.596.474.775.440
1081;5.086.301.498.471.670;4.324.083.268.779.550
1050;50.829.476.307.319.700;4.344.697.581.912.630
2330;51.370.433.742.714.700;4.870.213.713.566.060
2500;5.113.160.180.554.320;4.561.792.200.549.250
8650;5.098.454.557.706.050;29.030.974.565.617.200
8750;5.106.781.205.827.550;328.867.923.741.712
4120;5.053.217.303.794.810;5.482.227.353.192.980
5576;5.005.045.280.411.510;5.001.612.601.787.770
5352;50.460.277.864.723.500;5.175.428.601.096.170
5570;5.008.384.330.829.390;5.040.325.265.896.280
5644;50.288.945.096.747.600;4.723.851.662.787.100
5522;50.284.685.553.110.200;4.797.119.069.820.600
3510;5.095.107.161.633.330;525.139.545.968.784
3512;5.091.740.580.040.000;5.247.989.672.177.120
8434;5.115.486.680.637.320;27.761.610.348.929.300
8560;5.083.983.510.732.430;31.507.135.657.129.800
8908;508.470.357.900.288;28.206.986.206.233.800
8972;5.088.590.312.626.400;26.565.612.254.087.900
6782;4.961.018.109.325.080;5.764.544.551.734.920
6812;4.974.608.658.491.900;5.415.493.330.986.140
6820;49.730.217.343.328.700;5.184.128.185.589.920
9932;5.113.340.587.981.810;35.474.694.985.779.400
9968;5.123.188.747.088.600;3.675.027.437.464.860
9636;5.088.835.687.675.330;36.894.723.695.684.000
9041;51.103.064.477.304.000;3.772.807.392.554.310
4861;50.591.685.643.353.800;5.785.595.501.682.930
4623;5.060.129.962.416.620;5.686.458.271.555.580
4711;50.676.511.019.577.900;6.036.174.840.569.040
4651;5.063.955.879.367.360;5.794.266.605.981.540
4830;5.060.246.696.405.550;5.934.281.847.498.280
4431;50.666.242.681.486.600;54.966.005.840.809.200
4261;50.622.509.599.335.100;5.167.136.948.633.010
4600;5.073.709.797.041.670;5.701.782.207.365.340
7140;5.045.668.408.944.770;4.236.149.898.184.550
6061;5.040.703.507.741.260;4.474.362.856.677.050
7730;5.068.201.651.214.610;33.018.410.867.010.700
7521;505.862.481.736.304;3.412.335.241.590.890
7110;50.474.815.160.866.400;412.138.559.583.128
6567;50.321.764.997.657.000;4.190.430.142.008.370
7334;5.047.317.124.088.610;37.620.000.645.379.900
6211;50.503.548.344.357.400;4.482.079.376.421.940
1070;50.828.980.275.263.700;4.292.904.442.200.330
1325;5.067.844.529.926.430;4.711.227.589.915.230
1440;5.067.878.793.707.230;4.268.277.717.247.760
1457;5.061.680.143.779.530;4.692.532.525.665.680
1470;5.060.920.472.279.850;4.448.927.543.402.160
1490;5.062.644.859.932.740;4.562.595.910.150.400
2620;5.114.373.586.065.190;4.340.183.148.796.090
2860;51.064.188.891.317.100;4.514.746.404.462.980
2550;51.128.476.784.411.200;444.113.168.462.789
2390;5.128.881.699.322.610;4.743.920.598.152.030
2470;51.267.067.940.052.900;507.679.040.926.115
2460;5.122.543.459.542.960;4.912.232.894.257.660
2890;51.062.738.850.754.300;4.240.558.354.848.950
2000;51.248.447.820.724.300;4.376.134.025.032.600
2140;512.119.968.157.408;4.444.865.773.892.290
6830;497.690.492.821.049;5.118.811.913.985.810
1830;5.091.134.865.371.070;4.443.147.468.386.420
3128;5.100.532.033.491.210;4.748.688.160.616.190
1933;5.085.654.613.816.070;4.510.708.348.249.870
1703;5.083.953.171.216.250;4.199.980.231.053.450
3050;5.082.968.856.103.340;4.661.175.687.748.790
1731;5.090.119.406.509.110;4.279.490.957.617.120
3294;5.100.579.392.278.920;5.029.500.582.529.520
1750;50.820.531.678.444.600;4.179.767.578.395.020
9472;5.087.453.739.606.750;40.447.930.829.411.900
9680;5.079.985.672.096.750;36.269.285.276.748.400
9450;508.756.806.472.586;40.096.342.861.603.900
9401;5.081.752.760.603.050;4.005.803.312.914.620
9820;5.099.390.732.762.890;3.746.326.283.353.620
4432;506.804.582.190.948;55.072.436.753.673.600
4102;5.059.505.274.799.410;55.464.915.208.551.800
4160;50.479.093.496.502.400;55.228.972.877.804.900
4960;50.453.739.832.613.600;6.043.258.899.461.590
4630;50.646.425.643.526.300;57.032.087.296.498.600
7784;5.073.920.926.750.210;29.191.502.380.038.500
6240;5.043.504.749.697.210;4.548.899.555.935.830
6041;50.469.348.178.772.300;4.443.036.647.141.270
7750;50.724.482.583.521.300;35.044.545.736.781.300
6140;5.041.166.595.335.160;4.322.326.932.134.040
7941;5.060.955.347.523.930;38.336.833.054.901.900
7350;5.043.469.662.965.350;37.083.653.814.536.400
7170;5.050.169.979.774.870;42.454.380.952.875.600
7780;50.784.876.378.600.600;299.734.556.351.623
1041;5.087.298.266.192.050;4.375.234.148.039.780
1046;5.087.001.921.742.840;4.408.236.007.087.510
1402;50.589.972.355.763.300;4.378.963.304.808.160
2323;5.139.956.728.747.590;480.967.875.034.335
2400;51.241.515.872.832.300;51.221.318.711.285.900
5376;5.036.785.139.207.580;5.243.183.871.046.590
5530;50.335.959.831.796.700;4.980.740.469.908.010
5573;50.126.433.277.720.000;5.007.125.330.137.930
5361;5.030.908.081.792.320;52.131.611.317.320.800
3600;50.967.174.345.910.700;54.949.237.804.863.400
3700;50.781.684.646.613.500;5.466.938.591.585.190
3990;5.111.022.210.934.620;5.454.253.657.474.960
8000;51.232.646.001.171.400;32.071.828.570.336.300
8400;51.204.054.302.137.800;2.920.364.240.174.510
8431;5.117.815.500.112.930;28.368.380.598.056.200
8572;50.814.377.568.247.100;3.494.571.566.290.150
8630;51.044.271.735.015.700;26.418.910.560.283.200
8670;51.121.346.604.412.900;2.700.626.980.557.320
6671;5.022.726.344.766.780;592.961.403.178.149
6810;4.968.602.194.700.260;5.370.379.239.265.890
6832;4.981.947.922.854.710;5.072.301.176.633.260
6952;5.014.607.474.972.470;53.926.796.747.107.100
6953;50.130.211.961.412.900;52.831.318.208.857.100
1745;5.096.521.724.874.240;41.822.995.567.601.100
9930;5.111.772.486.118.310;3.561.101.157.171.580
5334;5.037.302.188.907.320;5.072.746.307.457.640
3545;5.093.999.683.513.800;5.096.551.633.664.310
3001;5.085.734.711.667.340;4.691.098.755.030.860
9050;5.103.750.198.876.650;37.710.482.317.047.200
9890;5.091.707.954.807.090;37.078.450.201.871.100
4530;50.593.163.322.500.000;5.222.214.523.554.700
4252;50.654.053.967.275.500;51.982.663.884.154.800
4783;5.026.463.755.987.930;6.180.688.245.608.360
4041;5.069.093.418.992.840;5.594.986.028.388.130
4771;50.363.509.214.258.800;6.223.039.487.389.550
7033;5.043.375.629.555.610;39.235.572.335.343.900
6593;49.977.320.436.172.500;41.988.746.354.359.700
6141;50.431.992.527.152.300;43.214.370.817.388.200
7973;50.506.654.719.989.300;37.278.930.133.097.400
6596;4.997.898.648.422.560;4.269.644.953.625.760
7940;5.059.845.750.301.010;38.617.229.296.549.100
7781;5.078.946.756.486.200;2.966.798.613.727.430
6441;5.020.256.339.867.950;43.528.760.813.818.200
7890;5.071.588.222.284.940;3.727.212.389.829.610
6238;5.051.380.992.517.710;4.425.481.448.298.360
7063;5.055.742.575.023.610;4.006.437.199.983.380
6224;5.047.621.722.958.680;4.578.579.799.842.650
7030;5.043.872.268.944.250;4.013.831.231.106.730
1180;5.078.987.082.854.520;4.361.370.487.792.100
1421;5.065.760.296.310.930;4.339.701.935.206.510
2230;51.052.403.764.130.100;4.899.473.338.402.740
2100;51.215.898.155.997.000;446.823.712.928.013
5589;5.015.317.032.593.860;5.254.754.400.757.520
5620;5.022.859.428.096.970;4.682.579.832.709.660
5575;499.929.545.134.084;4.885.444.604.221.790
5650;5.024.835.129.550.280;443.827.062.667.041
8540;50.842.562.692.188.900;3.366.165.828.303.190
8587;50.736.639.741.135.900;33.809.640.679.863.600
8906;5.088.168.535.177.000;28.081.336.651.108.100
6663;50.113.443.275.423.200;5.729.307.367.811.690
6724;4.972.469.658.214.860;5.584.882.988.483.650
1935;5.088.338.465.440.310;447.820.494.125.249
1851;5.097.142.231.710.900;4.378.726.002.200.040
3090;5.077.131.194.884.980;4.532.882.605.153.320
3321;5.075.921.240.989.300;4.926.426.805.935.800
9690;5.077.770.082.468.750;35.422.652.943.080.500
9750;50.904.546.303.248.300;3.602.442.710.188.110
9070;5.102.810.615.197.790;3.812.266.535.063.490
9661;50.787.756.729.438.100;38.006.573.450.507.700
9240;5.106.733.279.544.220;4.035.908.298.040.550
9080;510.996.990.473.999;3.831.947.554.237.730
4860;5.055.726.408.880.470;5.798.373.353.668.570
1031;50.861.805.515.601.400;438.605.713.534.583
1008;5.087.298.266.192.050;4.375.234.148.039.780
1300;5.072.477.661.519.280;4.609.958.977.641.850
1420;50.692.382.997.024.100;435.823.745.489.421
4690;5.076.497.607.239.570;5.604.165.228.217.770
4841;5.066.552.462.291.620;5.926.423.757.666.300
4130;50.529.235.561.214.900;5.560.415.477.383.840
7863;5.073.567.380.125.360;38.052.955.450.143.400
6460;5.007.867.277.426.730;4.274.520.828.596.970
6511;502.760.472.993.157;4.279.981.984.073.640
7548;5.061.090.861.965.750;34.324.931.541.870.500
7700;50.745.880.794.857.500;3.215.028.338.180.870
8490;5.118.656.071.645.010;3.087.844.865.344.220
8552;5.077.320.484.048.640;33.859.126.303.006.800
8730;5.112.979.244.806.570;3.320.853.323.796.490
8851;51.006.944.651.303.300;31.996.567.967.432.300
6666;50.167.698.427.407.600;57.210.462.844.278.100
6690;5.024.765.540.036.060;5.811.034.974.448.450
6730;49.686.161.342.951.000;5.512.110.597.659.550
6747;4.961.238.072.490.380;5.653.187.325.004.040
6890;49.975.033.875.368.600;5.235.608.802.219.320
3440;50.843.150.737.095.800;5.118.295.088.901.420
3150;5.097.836.723.301.930;4.633.056.953.501.900
3404;50.765.882.457.050.000;5.099.306.592.202.780
3290;5.101.216.806.865.570;5.098.913.716.877.930
5370;5.035.324.114.383.980;5.234.149.664.913.020
5564;50.149.633.736.117.100;5.067.139.267.601.600
5555;4.991.362.049.811.570;4.998.335.027.623.800
5360;5.034.906.234.313.150;5.160.500.843.183.140
5032;50.522.287.433.980.500;47.057.966.491.197.500
5380;50.546.491.169.184.700;4.982.835.996.473.250
3621;50.928.556.465.051.200;5.661.986.840.544.100
3770;5.080.891.991.474.510;5.598.513.740.289.080
3790;5.074.114.642.464.830;5.833.251.300.589.160
8210;5.113.670.159.091.550;31.364.537.581.236.300
8720;5.094.966.332.294.170;33.924.510.777.041.000
9099;51.115.287.374.583.300;3.738.386.889.083.240
9220;51.089.266.350.478;4.120.667.785.433.800
9772;5.088.931.137.033.740;35.577.852.555.788.200
9992;51.251.803.237.430.600;34.080.986.433.831.800
4263;50.640.256.177.451.200;5.181.623.526.805.400
4253;5.066.735.930.571.330;5.194.486.533.626.650
4850;50.710.827.133.860.700;5.950.799.963.358.970
4983;5.035.983.789.190.930;5.804.821.970.618.810
4030;5.062.614.473.189.000;5.611.819.695.855.500
4837;5.057.275.372.512.360;6.059.851.595.107.360
4190;5.039.547.917.259.390;5.633.411.249.954.280
4731;5.069.859.390.393.580;60.960.472.439.258.700
4950;5.050.290.789.629.790;61.314.033.893.304.300
4684;5.073.584.797.043.910;5.659.160.032.334.290
4250;5.067.482.564.884.700;516.843.188.030.489
7540;5.065.395.242.995.070;3.438.963.243.139.200
7181;5.056.357.491.577.710;4.239.812.278.948.860
7760;507.071.975.803.299;3.456.200.534.307.300
7530;5.059.532.756.736.340;3.483.051.868.633.900
7618;50.545.235.304.503.100;33.403.978.981.578.900
7912;5.071.244.851.530.910;36.069.982.531.020.400
6000;5.041.632.296.870.230;4.448.541.194.700.180
7904;5.059.212.889.282.020;36.154.793.651.811.900
7380;50.388.765.845.550.100;3.692.568.855.595.310
7070;5.051.427.419.126.250;4.120.027.302.711.060
1000;50.853.812.373.745.600;4.369.278.654.960.950
1160;5.081.019.872.509.640;443.799.132.057.269
1340;5.067.146.356.031.940;4.584.311.991.418.300
2570;51.095.719.546.804.000;4.514.141.623.555.740
2830;51.063.785.840.068.600;4.360.048.181.748.830
2450;51.124.534.764.529.800;5.073.574.387.688.350
2560;5.114.377.998.437.940;4.634.965.861.012.080
2223;5.102.869.754.911.980;4.697.724.012.817.590
2800;5.103.007.676.437.420;4.468.101.716.569.330
5521;5.025.727.471.143.220;4.776.379.391.331.080
5100;5.041.121.198.572.440;4.899.775.924.422.460
5332;50.351.207.136.545.600;4.961.712.178.534.260
3680;5.109.916.661.611.050;5.703.826.568.360.950
3740;5.087.949.887.317.430;5.509.721.523.877.870
8940;5.082.465.133.123.310;30.713.792.802.417.700
8952;5.076.688.542.530.160;28.421.536.091.117.000
6637;4.990.302.132.947.760;5.698.147.410.667.550
6674;5.020.775.804.616.790;5.839.021.360.913.190
6830;4.983.770.446.341.730;50.020.138.514.899.400
6941;5.037.761.023.713.460;5.525.863.186.340.420
3390;5.093.598.845.337.990;4.914.815.932.945.840
3202;50.974.451.211.610.900;4.895.613.288.808.400
1600;5.078.100.238.757.930;42.506.966.915.186.200
3060;5.087.014.269.326.930;4.625.598.414.804.470
9320;5.091.524.229.667.710;4.063.243.126.487.130
9090;5.100.027.811.930.150;37.964.919.983.728.300
9230;5.100.236.028.375.540;38.707.194.000.984.600
9880;5.109.151.927.680.340;34.195.278.281.906.100
9970;5.122.723.496.446.960;36.164.435.324.640.900
9420;50.916.766.900.692.400;3.965.005.574.250.430
9260;5.100.798.150.472.700;3.936.369.060.878.190
4721;5.072.570.477.776.680;6.012.157.629.321.640
4350;50.686.005.865.390.600;5.331.842.860.471.890
4100;5.058.496.196.593.960;5.508.048.762.890.350
4852;5.071.799.547.940.600;59.198.675.355.966.800
4218;5.052.630.827.143.260;5.127.824.996.316.240
7511;50.602.611.637.589.600;3.347.229.563.836.700
7800;5.063.179.570.360.420;378.049.228.040.414
7022;5.040.949.604.031.470;4.020.935.214.580.330
7533;50.641.652.308.740.100;35.232.791.324.371.100
7090;5.060.371.814.071.540;4.131.890.628.017.420
7032;5.042.411.866.903.340;39.905.448.121.212.900
1082;5.086.465.279.974.550;4.293.920.189.965.430
1400;50.591.388.384.222.800;4.327.273.956.190.340
2812;5.100.884.825.004.310;452.176.968.070.652
2910;5.144.950.433.077.200;4.465.890.207.947.530
2990;51.391.851.170.056.800;4.565.707.127.709.540
5362;50.330.503.113.983.800;5.172.824.713.050.140
3631;509.280.577.168.514;5.720.700.717.969.120
3971;51.112.588.547.157.600;5.229.498.754.954.050
8500;5.081.548.648.715.900;3.276.541.129.725.280
8710;5.091.023.075.205.400;3.358.850.342.103.820
6743;4.964.012.347.764.590;5.598.438.096.005.900
6790;4.956.583.399.531.400;5.804.527.562.249.280
6811;4.974.608.658.491.900;5.415.493.330.986.140
6856;49.854.262.365.690.100;51.582.456.030.194.800
6887;4.980.995.012.801.410;5.315.139.327.987.970
6972;5.011.217.509.808.930;5.554.126.217.508.590
3221;50.947.958.829.092.000;4.831.013.953.272.160
3000;508.810.526.792.466;469.569.641.887.135
1980;50.987.652.937.553.000;442.957.064.327.596
3220;50.921.265.751.787.100;4.796.491.715.207.050
1861;5.097.336.092.889.470;4.309.022.344.671.080
1760;5.083.785.020.011.700;4.077.674.510.624.700
1670;5.075.588.535.895.770;4.162.898.746.828.570
1755;5.077.856.023.753.240;4.125.487.211.137.740
3460;5.093.685.110.466.310;4.972.034.148.406.210
5190;5.045.878.087.705.000;4.689.321.690.925.800
5010;50.457.759.547.420.400;4.854.539.162.275.630
5101;50.456.610.659.386.800;4.946.185.429.338.440
5524;5.024.089.758.548.290;4.811.848.147.548.680
3930;5.126.942.532.941.100;5.481.430.155.210.700
3945;5.109.460.290.737.290;5.133.385.546.739.350
8300;51.346.651.571.344.400;3.331.958.012.765.070
8531;5.089.094.037.278.900;32.901.107.325.128.200
8790;50.878.530.359.819.200;3.426.441.012.327.730
8792;5.088.478.823.206.570;33.677.549.097.404.000
6920;5.005.849.398.713.350;5.056.586.197.743.310
9521;50.931.386.568.796.500;38.742.597.152.450.700
4040;5.067.921.179.186.850;5.624.363.334.016.100
4801;5.059.238.313.745.330;5.902.807.377.719.390
4280;5.067.444.666.979.320;5.083.404.367.538.330
4700;50.603.595.114.378.100;6.137.609.316.512.760
4357;5.065.092.325.546.570;5.309.581.732.627.890
4980;5.035.343.298.613.210;5.937.157.500.592.070
6001;5.038.225.363.133.340;4.440.022.349.479.030
7970;5.053.491.288.978.100;37.328.113.686.013.100
7972;5.055.370.748.488.330;3.694.148.224.086.380
7803;50.653.011.856.041.700;3.755.902.905.774.180
6042;5.043.082.543.509.160;4.445.088.267.227.540
612;5.087.298.266.192.050;4.375.234.148.039.780
1000;5.087.298.266.192.050;4.375.234.148.039.780
2275;51.252.365.619.447;4.822.425.937.160.030
2650;511.562.541.917.077;4.432.829.593.906.580
2030;51.248.447.820.724.300;4.376.134.025.032.600
2950;5.133.395.441.181.100;4.443.787.769.978.320
6831;4.981.335.395.137.120;5.107.898.361.138.980
6971;5.011.753.944.587.280;5.483.673.473.140.940
1804;5.093.012.891.009.880;4.428.578.360.497.880
1671;5.078.030.661.666.720;4.174.912.694.965.380
1730;50.909.272.565.714.300;4.186.788.555.395.830
1702;508.724.565.436.475;4.262.800.821.923.420
3111;50.948.083.381.242.200;4.767.193.984.031.670
1560;5.076.103.393.358.510;4.450.819.430.141.940
1601;5.078.483.815.859.800;4.296.779.977.559.770
9111;5.115.731.459.867.730;4.089.994.967.950.730
9470;50.884.211.048.076.300;4.068.749.078.554.280
9950;5.115.208.538.001.620;36.096.560.081.033.000
9688;5.078.995.440.054.330;36.830.242.329.156.300
9831;5.099.944.078.844.330;36.103.097.552.337.800
4633;5.064.349.886.118.650;5.745.352.632.484.000
6180;5.046.129.976.005.870;4.371.924.010.502.220
7060;5.061.194.257.686.280;4.030.440.932.890.030
6030;5.041.515.789.568.440;4.361.351.528.564.760
6099;5.047.084.791.169.860;45.358.954.856.785.600
6463;500.728.761.381.687;4.382.626.355.226.490
7742;5.069.337.538.023.610;33.689.264.479.109.800
6183;5.046.341.661.415.240;4.323.267.120.555.150
7390;5.043.631.602.049.690;386.194.835.965.052
6220;5.047.084.791.169.860;45.358.954.856.785.600
7133;5.037.988.564.802.500;4.202.423.169.562.300
1212;50.853.812.373.745.600;4.369.278.654.960.950
1210;50.853.812.373.745.600;4.369.278.654.960.950
1083;5.087.440.457.885.050;4.309.447.398.997.360
1190;50.814.084.975.691.100;4.324.177.215.886.150
1357;5.075.655.859.247.480;498.531.372.583.491
1367;506.450.470.427.425;4.867.898.985.361.500
1428;5.064.114.510.796.930;4.366.142.301.894.990
2540;51.147.212.966.513.600;4.482.310.085.349.260
2970;5.125.282.552.271.650;4.594.469.949.585.560
2290;5.121.766.611.526.770;4.772.892.306.400.320
5353;50.452.469.672.410.400;5.208.424.610.080.430
3540;50.923.981.647.173.600;518.221.676.878.469
3668;5.101.795.509.171.510;56.127.408.860.109.500
3890;5.073.831.294.896.230;5.175.805.996.786.180
8902;50.833.226.269.872.200;29.323.899.166.643.600
8958;5.079.093.944.397.670;27.873.658.498.693.000
8980;5.086.573.873.980.170;2.979.610.977.650.220
6851;49.865.694.466.396.600;5.113.734.146.114.010
6929;50.003.839.490.814.300;506.712.904.861.771
6986;50.173.774.460.280.100;5.508.984.278.009.600
3471;5.086.659.404.146.780;500.507.158.453.757
3110;5.095.663.014.095.060;4.729.643.203.754.860
9255;5.100.801.606.329.600;4.192.866.346.755.470
9660;50.804.414.751.954.900;37.639.609.001.757.700
9551;5.089.338.772.451.670;39.111.979.185.866.500
4000;5.059.185.028.437.590;5.577.531.125.648.640
4347;5.066.666.070.231.280;5.405.647.284.829.980
4791;5.022.469.121.615.670;6.070.274.992.461.630
4219;5.060.713.361.162.860;5.026.554.675.484
4052;50.561.812.680.638.700;563.741.733.618.252
8511;5.077.635.920.318.210;32.240.271.003.500.300
8780;5.093.059.447.967.370;33.372.204.211.631.300
6760;496.024.106.010.902;5.586.439.661.915.080
3391;5.089.595.675.363.260;49.151.565.863.386.300
1980;5.096.088.753.393.640;4.442.577.358.408.950
3071;50.905.095.205.098.900;4.572.830.760.492.650
5520;50.237.701.808.655.800;4.764.893.238.436.770
5070;503.948.193.471.962;4.691.483.360.689.990
5336;5.039.510.851.684.170;4.996.020.765.701.240
3670;51.084.279.929.614.400;5.598.544.655.982.330
3732;5.084.206.063.229.590;5.448.819.241.617.610
3940;5.111.791.085.898.850;5.341.586.539.050.860
3960;5.114.058.541.231.270;5.636.412.026.020.700
8340;51.242.984.753.181.100;33.526.971.798.341.900
8420;5.129.866.846.302.450;30.922.383.231.618.000
8573;50.812.531.400.589.300;34.653.295.400.956.300
6706;4.965.434.011.124.270;58.619.859.842.148.000
3211;5.087.243.034.807.020;48.924.806.024.977.400
1910;5.094.874.989.926.410;4.570.642.620.178.580
9120;5.121.395.164.485.770;4.241.424.192.342.910
9520;509.196.479.297.709;3.850.486.439.705.940
9667;50.825.598.023.975.300;36.997.802.610.882.600
4452;5.072.529.589.978.140;5.501.118.983.612.090
4101;5.061.819.164.237.950;5.497.986.977.613.580
4210;5.058.456.128.801.680;5.092.973.955.562.710
4802;5.056.914.523.874.430;5.879.655.823.611.430
4900;50.472.024.262.928.400;586.707.384.966.682
6470;5.016.398.541.429.330;422.739.285.471.852
7801;50.621.365.169.904.000;3.753.921.100.362.550
7080;5.038.578.213.408.950;38.705.385.638.083.700
7811;5.061.902.074.525.220;3.821.598.681.364.680
6031;5.041.682.879.063.630;4.376.855.591.954.090
7640;5.054.545.345.708.920;34.944.897.055.267.000
7782;5.072.755.766.166.640;28.780.756.030.848.800
7743;5.066.206.016.331.970;33.713.929.733.569.200
6591;50.036.243.994.263.800;4.206.042.073.482.570
7180;50.526.342.127.372.500;4.267.552.901.341.410
6182;5.044.647.867.483.660;4.342.232.335.477.460
7011;50.481.082.162.881.300;3.901.016.350.641.780
7502;5.057.622.769.425.180;32.956.711.060.824.700
6590;5.002.162.973.923.650;4.176.287.709.519.630
7062;50.548.012.339.069.800;4.100.931.494.300.650
6223;5.052.221.118.069.760;4.529.837.788.789.080
1110;5.087.298.266.192.050;4.375.234.148.039.780
1005;5.087.298.266.192.050;4.375.234.148.039.780
1310;5.073.629.996.455.740;4.464.834.689.100.540
2980;5.126.355.606.407.570;4.682.858.296.150.440
2960;51.334.976.678.828.500;4.607.172.140.109.690
2222;51.103.700.353.875.600;4.722.370.017.948.310
2580;5.104.727.200.735.840;4.627.238.962.828.940
5310;50.589.589.303.738.900;49.097.344.895.319.800
5670;5.006.128.545.825.880;4.607.604.903.151.010
3792;5.072.648.833.858.970;5.825.715.333.771.310
8620;51.108.205.475.195.400;27.795.516.374.437.000
8951;5.076.103.699.521.740;2.794.145.665.700.680
6670;501.554.258.444.236;5.924.095.190.498.310
6721;4.976.799.730.607.730;5.620.096.176.696.780
6767;4.953.508.203.015.480;5.499.749.051.664.370
1934;50.892.944.354.955.400;4.445.229.932.624.740
3018;5.092.127.141.131.540;4.707.202.587.569.180
3201;5.101.109.800.941.630;4.891.356.263.524.840
3360;5.082.540.076.878.980;4.757.466.104.552.360
3080;50.821.168.109.569.000;4.504.921.690.627.690
3380;5.087.384.458.226.340;4.952.022.082.423.200
1651;5.076.610.927.459.030;42.794.918.593.238.700
9921;51.085.020.282.418.400;3.639.645.638.711.470
9931;5.115.129.887.754.730;354.260.327.297.431
4170;504.756.584.092.423;5.581.742.754.294.780
4400;50.593.410.925.357.500;5.430.129.978.484.220
4122;5.054.389.010.297.110;5.527.872.583.036.600
4121;5.055.426.996.412.120;5.469.915.430.146.980
4099;5.067.575.138.439.450;5.469.467.996.585.810
4631;50.646.425.643.526.300;57.032.087.296.498.600
4890;5.067.156.235.459.620;5.878.938.014.018.680
4470;5.059.670.713.269.870;5.360.581.366.085.940
7542;5.066.555.402.764.510;3.410.802.212.427.550
7331;5.048.388.325.647.100;3.841.110.674.109.010
7600;50.512.024.646.835.700;359.255.320.640.889
6111;50.387.888.119.787.500;4.352.541.315.701.000
6040;50.444.720.779.004.300;443.508.407.116.947
7520;50.647.346.386.472.800;32.825.253.115.172.100
1341;50.660.622.122.467.700;45.341.919.461.924.000
1350;50.682.127.504.134.900;4.943.561.142.913.650
2242;5.122.691.252.263.990;4.706.119.439.268.820
2850;5.109.355.764.030.040;4.372.901.183.292.750
2491;51.133.153.313.377.500;51.613.779.824.434.500
2480;51.241.515.872.832.300;51.221.318.711.285.900
3061;5.084.555.719.400.630;4.590.807.805.833.390
1547;5.071.066.390.957.340;39.321.743.559.343.300
9400;50.795.727.309.381.200;4.014.183.549.287.830
9960;51.228.166.383.700.800;3.756.207.077.499.870
9400;5.085.407.606.035.610;39.665.052.522.195.200
4650;5.063.955.879.367.360;5.794.266.605.981.540
4840;5.065.913.417.375.100;5.965.981.946.628.490
4537;5.060.516.633.896.070;53.154.057.083.189.100
7513;50.637.541.773.166.400;33.845.370.472.413.000
7850;50.659.001.835.660.500;4.036.272.078.129.360
7971;5.054.061.455.452.050;36.564.991.592.089.000
7501;50.602.611.637.589.600;3.347.229.563.836.700
7160;50.471.307.819.925.800;4.282.857.249.459.750
7643;5.056.623.815.456.890;3.476.615.438.431.990
7642;50.575.331.826.236.800;3.431.836.204.544.050
7870;5.056.446.331.467.330;39.475.828.957.169.200
6543;5.035.496.568.123.000;4.214.267.005.222.940
7387;50.349.281.749.956.200;37.333.268.452.111.700
1035;50.861.805.515.601.400;438.605.713.534.583
1348;5.067.146.356.031.940;4.584.311.991.418.300
1470;5.059.623.200.805.340;4.481.721.401.439.020
2930;51.309.508.592.907.200;45.004.250.280.853.600
2920;51.398.862.311.960.100;4.468.685.734.962.260
2180;5.128.352.081.368.880;44.304.552.890.543.400
2660;5.117.680.075.275.420;4.349.449.465.701.910
612;;
5060;5.044.623.070.905.590;4.632.974.955.181.050
5560;50.182.431.503.215.500;508.287.693.404.777
5374;5.035.341.140.252.150;5.315.597.145.107.960
3500;5.093.340.823.156.660;53.539.234.872.135.600
3511;5.095.185.535.242.300;5.301.449.126.036.590
3570;50.878.408.298.677.900;5.290.565.432.675.950
3920;51.225.583.998.505.400;5.302.058.606.362.870
8450;5.123.671.218.246.710;29.773.784.952.722.400
8501;5.085.249.379.414.540;32.340.102.684.744.100
8510;50.773.491.427.377.500;32.969.354.667.112.400
8551;50.793.846.078.186.700;33.992.783.979.228.600
8793;5.089.985.376.070.430;3.396.984.910.260.640
8860;50.885.991.292.634.100;3.232.021.688.120.180
8950;5.073.761.074.793.140;2.824.419.784.392.630
8953;50.782.949.599.766.300;2.902.678.146.003.840
6750;4.956.614.956.268.710;5.700.188.781.552.900
6762;4.954.165.370.769.680;5.530.606.033.964.000
1652;5.074.752.884.006.040;4.328.078.247.271.560
1701;5.084.856.042.288.080;42.578.958.901.376.400
1620;5.079.350.285.511.120;43.090.488.169.548.500
5360;5.034.264.635.676.490;5.061.870.667.976.430
5646;50.278.681.857.417.500;4.661.128.895.795.520
5503;5.026.088.806.498.370;4.997.261.792.195.760
5563;5.016.232.806.783.960;5.030.921.755.689.380
5002;5.047.869.396.859.470;4.838.488.417.206.430
3832;5.084.458.399.365.820;5.290.647.724.109.560
8600;510.547.539.517.997;28.727.490.452.451.200
8920;50.908.899.940.491.100;29.247.896.783.271.200
6720;4.974.650.799.227.210;5.659.611.775.346.300
6823;4.963.982.835.133.380;5.363.443.534.552.540
6927;5.006.697.106.261.300;5.219.646.829.870.620
1500;5.073.071.382.505.010;4.240.277.878.728.710
3454;5.089.146.669.339.570;5.157.115.263.174.210
1850;50.940.765.638.040.600;43.851.759.462.201.400
1970;5.084.309.057.749.010;4.492.424.812.620.590
9075;51.115.287.374.583.300;3.738.386.889.083.240
9870;5.093.514.539.477.170;34.714.136.791.105.400
9040;5.106.701.435.001.310;37.694.068.345.287.500
9961;5.125.601.063.121.510;371.047.142.445.394
9060;5.119.915.619.493.160;38.085.967.931.803.200
9990;5.119.958.507.615.230;34.327.722.449.576.300
4180;50.427.710.260.460.800;55.357.258.086.749.600
4682;5.072.881.647.641.450;5.631.443.900.586.800
4317;5.065.927.815.315.740;52.435.332.996.051.900
4340;5.070.502.524.243.450;5.441.028.833.197.110
4460;5.064.214.218.719.310;542.914.187.160.935
4720;5.072.570.477.776.680;6.012.157.629.321.640
7031;5.042.864.283.297.360;4.046.531.623.169.420
7322;504.765.234.583.893;3.733.485.175.395.440
6043;50.455.291.567.001.300;4.482.185.655.871.980
7621;5.052.075.635.830.980;33.875.169.749.252.800
6222;5.053.016.995.305.670;4.563.277.340.296.820
7866;5.068.396.490.547.970;38.632.562.963.582.900
7950;5.057.418.829.736.570;38.079.366.251.543.800
1047;50.822.325.604.082.200;4.377.065.860.435.230
1099;5.087.298.266.192.050;4.375.234.148.039.780
1040;5.083.298.255.184.280;4.394.600.605.024.550
2380;5.137.817.221.543.300;5.022.773.863.066.910
2020;51.248.447.820.724.300;4.376.134.025.032.600
2018;51.248.447.820.724.300;4.376.134.025.032.600
8377;5.124.088.195.427.630;3.109.097.150.981.660
8432;5.116.749.162.383.470;28.811.201.736.596.700
8520;5.086.016.289.078.800;327.159.421.386.401
6838;4.979.527.943.567.340;5.017.588.453.111.320
6924;5.005.230.404.659.840;5.085.140.043.949.810
1630;5.076.794.587.216.990;4.345.414.125.035.600
3040;5.081.565.278.621.960;4.619.809.577.671.650
9;5.099.895.330.058.120;4.981.617.466.438.010
3000;5.085.734.711.667.340;4.691.098.755.030.860
1602;5.080.579.534.061.160;4.230.714.668.607.750
3350;50.811.992.920.375.000;502.121.613.805.768
1932;5.086.860.468.071.330;4.444.164.020.555.320
3070;50.884.684.436.386.100;4.538.103.844.626.130
5630;5.019.005.868.117.100;4.433.892.293.802.580
5561;5.022.314.318.428.090;5.007.105.967.209.660
5140;50.544.450.199.823.600;4.604.155.625.840.340
5660;5.002.591.044.841.340;4.521.200.178.801.960
5031;5.058.043.804.844.660;476.821.828.718.657
5570;5.008.277.879.784.010;4.915.324.310.356.160
3723;5.084.294.090.670.330;5.399.067.226.481.180
3840;5.080.126.374.028.130;5.347.299.861.560.880
3910;51.230.977.155.710.600;5.444.661.036.360.130
8840;5.096.684.101.290.580;30.048.781.500.757.900
6700;4.968.523.319.258.530;57.415.202.000.238.900
6824;4.971.025.630.475.130;52.693.492.261.193.000
9550;5.085.766.221.605.620;38.867.416.222.453.200
9100;5.116.368.187.628.330;4.156.645.019.474.470
9988;5.127.265.892.988.690;3.642.019.715.836.140
9250;51.118.651.482.590.200;40.748.651.273.348.400
9150;511.482.626.061.719;4.285.333.793.866.950
9810;5.095.655.594.080.880;3.595.768.004.762.260
9400;5.084.648.981.107.940;4.023.746.600.967.050
4590;5.044.011.299.060.310;5.478.514.951.977.710
4606;5.069.538.651.900.570;5.750.496.866.721.880
4880;50.700.486.490.576.900;58.513.589.270.259.000
4831;5.063.050.028.614.450;5.922.065.846.350.700
4710;5.067.881.290.433.240;5.991.143.312.332.850
4453;50.708.868.602.680.000;5.547.836.209.240.520
6060;5.042.801.704.334.070;4.485.373.214.118.110
7040;5.036.752.867.405.700;39.261.335.279.719.500
6536;5.029.902.859.457.910;4.338.563.216.834.220
7804;50.677.701.418.566.400;37.553.209.046.098.600
6542;5.033.861.404.174.610;421.653.934.089.934
6461;50.077.727.641.354.100;4.334.215.751.069.690
7531;5.062.156.794.125.190;34.739.562.588.474.100
7532;5.062.386.386.404.460;35.217.009.090.513.400
1000;50.822.325.604.082.200;4.377.065.860.435.230
1390;5.075.149.334.838.610;4.673.104.738.692.160
2235;5.104.722.426.784.120;4.802.118.046.978.260
3470;5.090.570.825.664.910;5.056.948.979.369.890
9404;50.842.928.103.900.500;3.946.633.269.793.810
9840;50.978.265.393.100.100;36.850.030.687.203.500
9506;50.787.052.491.799.900;3.937.779.364.233.140
9160;51.100.245.533.430.000;3.968.193.939.813.080
9900;5.119.431.839.992.800;35.623.319.136.868.900
4420;50.629.837.917.805.800;5.535.060.559.845.200
6150;50.403.614.438.638.300;4.265.665.841.285.150
7610;5.055.274.565.455.210;33.063.522.199.192.100
7522;5.061.171.026.009.960;32.915.790.330.161.800
7370;5.039.099.245.390.330;38.001.487.818.072.700
7602;50.544.858.985.703.300;3.597.161.038.111.330
6010;5.038.738.594.793.570;4.471.682.428.951.610
7321;5.050.207.166.780.630;3.656.865.761.710.330
7906;506.037.200.753.987;35.741.670.821.583.800
7608;5.050.753.481.051.890;35.318.351.790.340.000
1315;506.951.830.376.784;4.788.379.199.533.980
1473;5.063.516.214.371.720;444.652.131.973.248
2280;5.118.510.499.166.730;4.739.906.950.288.020
2040;5.134.298.198.470.960;4.298.111.097.530.030
4287;50.712.177.041.056.300;5.033.101.948.635.710
4620;5.061.824.452.614.190;5.683.137.791.030.600
4217;50.549.412.522.627.300;5.090.143.739.876.200
5372;5.036.005.581.017.260;5.341.122.640.429.870
5354;5.043.725.613.016.660;5.186.497.398.257.580
5021;50.493.364.500.178.800;4.930.964.293.946.380
3790;5.075.435.482.321.060;5.712.420.603.108.800
3900;5.120.029.934.000.340;5.393.398.832.214.900
8433;5.114.935.973.377.290;28.358.811.713.798.600
8583;5.074.897.050.321.540;3.405.276.865.798.130
8810;5.102.776.706.343.600;31.461.225.981.811.600
8870;5.091.131.070.183.640;32.046.318.970.732.100
6673;501.711.127.756.483;58.712.071.071.348.800
6681;5.005.028.143.591.850;5.480.509.278.699.110
6690;5.028.124.402.586.550;5.988.170.180.603.460
6792;4.957.175.881.836.430;575.801.069.233.419
6833;4.983.100.514.037.020;5.044.393.996.035.760
1770;50.866.522.312.514.600;409.303.583.540.632
3473;50.913.796.056.286.700;5.001.710.686.638.420
3020;5.090.898.399.648.880;4.642.821.496.825.900
1981;5.099.295.390.689.460;4.502.914.696.762.610
5003;5.049.450.203.349.880;4.846.938.613.127.180
5340;504.076.707.290.065;50.704.560.512.873.000
6661;50.159.261.224.130.800;5.785.887.742.892.070
5680;50.139.022.948.304.200;46.710.549.870.624.400
5330;5.036.606.853.931.630;5.020.871.557.528.580
5562;5.021.051.152.192.040;505.952.373.423.188
3870;507.480.248.373.796;5.306.318.367.766.910
8211;51.117.200.223.533.900;3.093.794.529.125.800
8890;5.088.759.693.424.770;30.741.597.685.235.000
6984;5.014.984.404.058.580;5.574.347.416.754.610
4360;50.718.706.886.537.000;53.547.688.508.954.400
7880;5.075.357.491.255.140;3.731.663.175.948.140
3190;5.097.551.341.323.070;4.578.350.830.548.790
9800;5.098.786.919.100.000;35.164.337.686.649.900
4780;5.033.201.406.836.700;6.036.229.494.728.140
4630;5.061.859.649.966.730;5.745.533.226.378.790
4760;5.034.551.850.347.330;6.333.485.173.401.630
4171;5.050.253.136.444.040;5.573.724.208.598.250
7538;50.572.528.257.787.400;3.508.473.443.089.570
6530;5.030.332.639.911.260;4.247.028.109.916.080
6280;5.036.017.223.758.730;4.523.242.741.162.940
6592;50.031.929.456.819.100;4.224.103.116.240.290
1009;5.087.298.266.192.050;4.375.234.148.039.780
1048;5.087.298.266.192.050;4.375.234.148.039.780
1080;5.085.522.961.973.380;4.318.418.678.989.750
2600;5.119.213.330.584.180;4.431.973.220.636.260
2340;5.132.032.913.642.490;4.834.400.497.031.080
2861;51.059.134.417.535.500;4.575.467.319.838.730
2440;5.116.646.686.399.130;4.984.736.550.693.130
2070;5.123.137.750.205.670;4.319.816.188.688.970
2880;5.109.084.846.028.830;4.228.201.007.273.270
2221;5.104.634.221.090.040;47.673.047.365.352.000
3078;5.087.197.687.503.420;45.607.874.765.310.100
3384;5.086.937.462.434.680;4.921.409.000.971.560
3191;509.849.690.381.292;4.542.268.865.741.870
1701;5.083.153.616.046.330;4.232.494.457.999.710
9310;5.095.430.084.590.070;4.101.311.151.466.270
9042;51.161.780.043.746.800;3.810.343.889.705.420
9520;509.399.317.811.508;39.054.061.642.290.900
9552;50.908.600.221.464.900;3.889.208.165.923.360
4728;50.709.171.658.711.300;6.030.889.633.776.080
4520;5.054.868.891.995.820;5.181.242.811.816.950
4987;5.042.261.730.261.760;5.787.930.660.775.990
4557;5.047.689.493.645.060;5.383.587.116.690.830
7130;5.043.277.241.381.590;4.091.806.919.824.020
7503;5.062.489.136.694.390;3.346.537.083.665.320
7622;5.052.282.341.554.430;34.445.838.928.066.200
7603;5.049.830.025.259.290;3.613.561.374.498.210
7041;5.037.493.720.462.300;4.024.781.199.341.020
1170;5.079.291.924.189.040;4.423.479.931.708.100
1332;50.722.532.048.805.400;4.500.249.260.661.120
1435;5.064.437.790.193.210;4.610.583.193.636.520
1471;50.594.766.353.469.500;44.335.308.077.062.500
1480;5.068.403.302.110.260;41.943.623.736.711
2300;513.289.645.417.869;4.940.164.879.461.020
2370;5.133.462.182.308.600;5.085.447.550.635.010
2243;51.198.617.734.043.500;4.695.739.820.672.810
2160;5.120.678.750.787.160;4.518.952.239.348.570
5300;50.470.976.974.644.300;5.045.737.027.703.340
5544;5.016.335.709.112.080;4.792.448.026.629.190
5004;50.478.874.984.040.600;4.893.869.705.686.030
3806;5.077.914.883.264.710;5.135.227.965.158.730
8530;5.084.348.326.097.590;3.317.611.496.271.600
8900;50.855.344.107.999.300;28.957.068.009.838.300
8930;50.804.089.742.749.800;31.215.173.255.091.200
6680;5.000.000.388.003.770;5.557.721.163.814.330
6704;4.971.240.298.450.450;58.586.753.191.074.500
6740;4.966.464.260.205.260;5.615.989.158.827.700
3400;5.076.667.903.877.650;5.039.508.072.145.600
1800;5.093.012.891.009.880;4.428.578.360.497.880
1840;51.014.505.411.782.600;4.296.428.516.201.440
4701;5.065.021.570.484.300;60.495.715.672.490.100
6533;50.323.462.089.031.300;4.261.483.400.913.280
7120;5.039.629.094.528.610;4.095.748.578.678.030
7534;5.061.105.853.195.000;35.520.671.325.420.700
7543;5.065.395.242.995.070;3.438.963.243.139.200
7943;506.083.969.205.011;389.326.844.668.147
6540;50.358.020.372.384.500;4.266.199.327.463.460
7536;5.059.123.450.717.160;34.415.599.804.543.500
7901;5.062.058.136.421.660;3.594.621.384.457.760
7903;5.059.531.937.409.010;36.568.557.842.774.400
7141;50.442.037.889.702.900;4.256.948.981.157.710
1011;5.087.298.266.192.050;4.375.234.148.039.780
1030;50.861.805.515.601.400;438.605.713.534.583
1450;5.057.826.594.178.640;4.618.303.657.381.860
1461;5.064.968.399.763.800;4.300.030.197.749.630
2840;5.110.462.897.076.040;4.407.466.354.353.440
5012;50.457.759.547.420.400;4.854.539.162.275.630
5502;5.028.599.157.049.040;4.992.689.154.104.470
5572;5.012.749.275.678.510;5.044.689.986.719.530
5580;5.015.164.063.847.280;5.170.062.938.055.320
3560;5.099.602.445.645.070;5.199.884.737.277.810
3690;5.093.287.623.158.770;55.754.019.777.598.200
6723;4.971.862.344.579.240;56.154.254.778.907.700
6820;49.688.935.334.473.300;5.320.695.987.212.540
6940;50.324.817.507.035;5.418.311.627.470.630
1880;5.101.138.982.072.440;4.366.670.334.804.050
1790;5.091.260.930.190.060;4.106.537.553.803.070
3293;5.097.915.616.259.630;5.028.035.926.090.060
1785;5.096.497.401.622.390;4.232.932.989.110.510
9406;5.084.455.637.967.900;39.904.657.170.479.500
9971;5.119.309.612.643.190;36.356.493.131.868.600
9403;5.080.217.727.662.270;4.061.660.845.254.380
9940;5.112.040.642.924.180;37.075.201.896.052.200
9982;5.125.944.310.696.150;35.766.214.003.970.900
9572;5.080.264.947.555.910;3.817.041.723.218.180
9280;5.099.414.481.507.900;4.137.729.814.030.580
4610;5.063.300.984.234.390;5.671.567.293.582.610
4851;5.074.698.777.915.340;597.976.403.510.126
4680;5.071.149.221.666.190;5.611.734.922.005.850
4790;5.018.191.676.082.760;6.116.242.106.180.690
4800;5.056.914.523.874.430;5.879.655.823.611.430
4870;5.058.736.496.113.960;5.731.972.613.312.910
4800;5.059.152.456.135.570;5.865.875.472.582.380
4032;50.614.135.660.989.200;5.623.582.074.795.950
5350;50.441.864.713.360.200;5.147.327.658.298.040
5330;5.037.122.276.200.270;4.942.849.651.844.250
5020;5.046.106.075.009.520;48.034.428.349.936.900
3520;5.099.193.999.281.110;5.376.662.200.197.100
3721;50.867.733.483.119.800;54.309.721.883.501.300
8470;511.562.401.145.374;29.597.453.837.462.300
8580;5.077.754.918.828.230;34.483.560.009.053.000
6780;49.631.621.783.058.700;5.839.067.589.370.510
9052;5.100.344.710.907.640;37.083.253.028.608.000
9910;5.113.162.078.202.460;3.480.613.447.575.080
4162;5.048.680.247.711.930;54.980.820.472.359.900
4683;5.069.624.198.676.860;5.654.562.602.832.890
4254;5.065.619.859.696.320;5.175.652.517.689.510
4650;5.063.257.057.410.080;5.838.799.006.571.900
4820;50.613.315.193.492.200;5.854.411.888.490.790
4654;5.067.624.576.270.800;5.807.628.310.761.860
4430;5.065.833.644.138.830;5.528.168.774.947.650
6440;50.133.096.318.864.600;43.494.113.497.929.000
7911;50.685.314.316.780.700;3.628.571.814.619.290
7024;50.412.633.442.688.000;39.451.466.052.179.500
7012;5.045.206.420.035.340;38.964.343.000.960.700
6791;4.957.086.993.737.880;5.844.003.703.149.030
6960;5.030.006.951.081.890;56.511.780.487.737.700
1761;5.084.979.781.140.370;41.277.646.012.156.500
7810;5.061.786.635.385.120;38.047.203.981.833.200
1044;50.861.805.515.601.400;438.605.713.534.583
1380;50.683.720.905.648.100;4.487.230.128.604.430
2099;51.248.447.820.724.300;4.376.134.025.032.600
2220;5.106.268.641.706.410;472.968.659.576.947
2250;5.116.347.229.635.080;4.885.612.822.364.900
2050;51.248.447.820.724.300;4.376.134.025.032.600
2288;5.116.186.795.577.680;47.365.146.054.743.600
1741;50.855.789.286.666.100;4.155.622.977.848.150
1982;50.967.822.951.963.000;4.503.548.665.909.500
9620;5.086.893.462.600.800;3.790.568.577.398.000
9451;5.088.499.243.738.450;39.811.720.709.385.900
9000;51.053.260.703.972.000;3.720.262.345.300.750
4550;50.521.984.968.720.800;5.385.171.379.484.150
4653;5.065.978.684.223.360;5.758.240.678.205.080
4845;5.050.986.541.186.600;5.950.080.404.670.830
7340;5.041.357.901.065.890;3.837.522.601.240.580
7900;5.059.212.889.282.020;36.154.793.651.811.900
7812;50.628.632.330.168.700;3.725.435.693.581.200
7050;5.052.814.330.556.840;3.918.679.117.161.570
7951;5.059.062.474.667.930;37.684.146.960.625.100
1012;5.087.298.266.192.050;4.375.234.148.039.780
1007;5.087.298.266.192.050;4.375.234.148.039.780
1140;5.087.001.921.742.840;4.408.236.007.087.510
1360;50.619.095.318.139.700;4.765.632.118.823.370
1430;5.065.387.528.143.720;4.124.926.940.143.260
1476;50.575.783.513.789.200;4.410.456.750.172.970
1495;50.549.583.794.306.300;4.535.360.186.118.470
2430;5.108.791.988.851.710;50.461.260.886.208.400
2328;5.147.294.429.226.780;4.800.455.130.217.270
2820;51.027.021.221.986.600;454.466.040.398.519
2260;51.118.648.677.888.000;4.893.322.739.960.340
2811;5.102.601.332.098.990;4.400.356.854.897.050
2110;51.229.586.673.387.200;4.516.867.253.463.560
5504;5.023.963.348.274.690;4.987.813.904.353.070
5574;5.008.885.978.622.480;50.034.189.402.375.500
3630;5.097.378.286.902.590;5.652.242.272.891.970
3730;5.084.869.483.874.830;54.825.239.806.318.200
8020;51.115.614.510.612.100;320.946.687.009.095
8200;5.119.372.229.465.930;31.708.734.667.446.000
8380;51.319.188.488.680.800;31.984.127.435.592.200
8420;51.246.343.172.418.700;30.238.645.867.311.700
8581;5.079.966.114.606.920;3.503.222.554.493.060
6741;4.966.704.544.782.030;5.669.204.381.387.050
6800;49.966.023.829.437.100;5.380.064.364.430.560
6880;4.984.977.519.876.710;5.240.492.986.044.480
6922;5.005.960.656.940.020;5.131.211.208.965.810
6951;50.145.729.472.352.200;5.430.710.856.296.990
6982;5.020.224.682.438.740;5.670.560.135.809.370
1733;50.909.272.565.714.300;4.186.788.555.395.830
1853;5.090.929.474.624.260;4.342.915.597.541.700
1930;5.088.338.465.440.310;447.820.494.125.249
3051;5.080.458.708.010.640;4.650.360.859.796.000
1740;50.873.253.369.539.500;4.180.161.626.217.870
3461;5.091.333.849.949.680;4.942.971.194.176.070
