Postal code,Price (euro),Lat,Long,PriceCat
1000,687374.7346072186,50.853812373745676,4.369278654960959,Budget-friendly
1020,374487.1538461539,50.87298266192055,4.375234148039785,Budget-friendly
1030,423392.49146757676,50.861805515601496,4.38605713534583,Mid-range
1040,664864.5161290322,50.87298266192055,4.375234148039785,Upscale
1050,853922.5456475584,50.822325604082295,4.377065860435231,Upscale
1060,602495.7983193278,50.829476307319766,4.344697581912635,Mid-range
1070,339733.3288888889,50.828980275263795,4.292904442200332,Budget-friendly
1080,332701.0216216216,50.85522961973389,4.318418678989754,Budget-friendly
1081,337081.08108108107,50.86301498471678,4.324083268779553,Mid-range
1082,571976.4038461539,50.86465279974552,4.293920189965437,Mid-range
1083,329982.4137931034,50.87440457885052,4.309447398997361,Upscale
1090,351399.9099099099,50.881720021988286,4.321383766329789,Mid-range
1120,359817.02127659577,50.87298266192055,4.375234148039785,Mid-range
1130,339881.9,50.87298266192055,4.375234148039785,Upscale
1140,337383.58208955225,50.87001921742844,4.408236007087518,Mid-range
1150,819751.282051282,50.83109966996703,4.443103143199102,Upscale
1160,558179.7752808989,50.81019872509648,4.43799132057269,Mid-range
1170,692341.4634146341,50.79291924189043,4.423479931708108,Mid-range
1180,982041.067264574,50.78987082854528,4.361370487792108,Upscale
1190,604079.6883116884,50.814084975691195,4.324177215886155,Exclusive
1200,518073.30677290837,50.84789153612173,4.431541527426499,Aspirational
1210,439350.0,50.853812373745676,4.369278654960959,Upscale
1300,462848.91891891893,50.69801921281275,4.5719102975057,Budget-friendly
1301,528000.0,50.7168861193855,4.581594841842499,Luxurious
1310,670923.0769230769,50.73629996455743,4.464834689100548,Upscale
1315,540990.9090909091,50.6951830376784,4.788379199533981,Mid-range
1320,515555.55555555556,50.78029938291994,4.7850703687239395,Upscale
1325,605930.8867924528,50.67844529926434,4.711227589915237,Exclusive
1330,519671.8510638298,50.7122118597938,4.528024961130181,Mid-range
1331,550000.0,50.73537497297937,4.546587881040538,Upscale
1332,539161.2903225806,50.722532048805405,4.500249260661122,Mid-range
1340,433880.0,50.67146356031946,4.584311991418305,Upscale
1341,510000.0,50.660622122467714,4.5341919461924025,Budget-friendly
1342,625000.0,50.68379979985528,4.5584085198370445,Upscale
1348,526040.0,50.64437790193214,4.610583193636526,Budget-friendly
1350,381653.7297297297,50.682127504134996,4.943561142913658,Mid-range
1357,400846.1538461539,50.75655859247487,4.98531372583491,Mid-range
1360,385478.17391304346,50.619095318139706,4.765632118823371,Mid-range
1367,397000.0,50.6450470427425,4.867898985361501,Mid-range
1370,413073.28571428574,50.717769456989686,4.877544510544012,Luxurious
1380,1233252.2096774194,50.683720905648165,4.487230128604433,Luxurious
1390,1386000.0,50.75149334838617,4.673104738692169,Upscale
1400,392564.74736842106,50.591388384222846,4.327273956190343,Budget-friendly
1401,356000.0,50.617663557366754,4.358076642200513,Mid-range
1404,3250000.0,50.6042547788242,4.2629198483323,Aspirational
1410,658665.4605263158,50.70976366812478,4.403520554166193,Mid-range
1420,583273.8532110092,50.692382997024126,4.35823745489421,Exclusive
1421,1224500.0,50.65760296310933,4.339701935206512,Budget-friendly
1428,377166.6666666667,50.64114510796939,4.366142301894997,Luxurious
1430,243588.23529411765,50.65387528143722,4.124926940143261,Mid-range
1435,573777.7777777778,50.64437790193214,4.610583193636526,Mid-range
1440,482210.5263157895,50.67878793707231,4.268277717247763,Mid-range
1450,431307.6923076923,50.57826594178644,4.618303657381869,Mid-range
1457,428384.6153846154,50.61680143779535,4.692532525665684,Mid-range
1460,606916.6666666666,50.64085582622058,4.259715332494394,Mid-range
1461,609000.0,50.64968399763807,4.300030197749638,Upscale
1470,423560.9756097561,50.60920472279855,4.448927543402161,Mid-range
1471,394499.5,50.594766353469524,4.4335308077062585,Mid-range
1472,1203500.0,50.62507941120234,4.412997016590901,Exclusive
1473,900000.0,50.63516214371723,4.44652131973248,Mid-range
1474,504500.0,50.62720733860356,4.470868865304241,Mid-range
1476,440000.0,50.575783513789226,4.410456750172978,Upscale
1480,295186.70588235295,50.68403302110266,4.1943623736711,Mid-range
1490,458055.55555555556,50.62644859932748,4.562595910150405,Upscale
1495,416142.85714285716,50.549583794306336,4.535360186118476,Mid-range
1500,371524.0779220779,50.73071382505011,4.240277878728712,Mid-range
1501,456700.55555555556,50.73746200178331,4.262453273944151,Mid-range
1502,463381.0,50.71036726580038,4.217983586174801,Mid-range
1540,524184.36363636365,50.722404957481096,4.03604040962386,Mid-range
1541,311666.6666666667,50.70447653722278,3.9925589861453323,Mid-range
1547,572000.0,50.71066390957348,3.9321743559343343,Upscale
1560,717916.6666666666,50.76103393358512,4.450819430141942,Exclusive
1570,402583.6666666667,50.74105581245334,3.9902980751472428,Budget-friendly
1600,422887.32692307694,50.78100238757931,4.2506966915186215,Mid-range
1601,333888.8888888889,50.78483815859806,4.296779977559773,Mid-range
1602,848000.0,50.80579534061165,4.230714668607756,Exclusive
1620,359916.6666666667,50.79350285511121,4.3090488169548555,Luxurious
1630,589153.8461538461,50.76794587216992,4.345414125035608,Exclusive
1640,1006347.4576271187,50.744496059136004,4.373732794655721,Exclusive
1650,488680.0,50.76625120592787,4.312619251793211,Luxurious
1651,359857.14285714284,50.76610927459038,4.2794918593238735,Mid-range
1652,555125.0,50.74752884006042,4.328078247271569,Upscale
1653,434555.55555555556,50.733773934276996,4.298649637605856,Mid-range
1654,338000.0,50.748563374114006,4.274053226347698,Mid-range
1670,543600.0,50.75588535895773,4.162898746828571,Mid-range
1673,625000.0,50.733790299411545,4.181339451829367,Upscale
1700,487440.0,50.84856042288083,4.2578958901376485,Mid-range
1701,527000.0,50.84856042288083,4.2578958901376485,Mid-range
1702,358000.0,50.8724565436475,4.262800821923428,Upscale
1703,735000.0,50.83953171216256,4.199980231053451,Upscale
1730,586843.4146341464,50.909272565714325,4.186788555395837,Mid-range
1731,383406.1081081081,50.90119406509116,4.279490957617121,Mid-range
1740,465414.8,50.873253369539526,4.180161626217875,Mid-range
1742,414600.0,50.87573299371628,4.1359676324531796,Mid-range
1745,402600.0,50.96521724874241,4.1822995567601176,Budget-friendly
1750,453307.6923076923,50.820531678444624,4.179767578395023,Mid-range
1755,347128.5,50.77856023753248,4.125487211137745,Budget-friendly
1760,511585.8125,50.83785020011701,4.077674510624705,Luxurious
1770,369893.1034482759,50.866522312514626,4.09303583540632,Budget-friendly
1780,591380.9523809524,50.90957954247929,4.30932217692078,Mid-range
1785,524716.4047619047,50.96497401622396,4.232932989110518,Mid-range
1790,430657.3703703704,50.91260930190065,4.106537553803077,Mid-range
1800,383858.40983606555,50.93012891009888,4.428578360497885,Mid-range
1820,589555.5555555555,50.908686915761194,4.512768329408151,Mid-range
1830,472066.6666666667,50.91134865371077,4.443147468386422,Mid-range
1831,345638.0588235294,50.892944354955446,4.445229932624749,Upscale
1840,660947.9090909091,51.014505411782686,4.296428516201441,Mid-range
1850,552644.3225806452,50.940765638040666,4.3851759462201425,Mid-range
1852,693333.3333333334,50.954721858824506,4.363325827639951,Luxurious
1853,429443.0232558139,50.90929474624263,4.342915597541709,Mid-range
1860,683171.2,50.943740928977,4.325099323868312,Mid-range
1861,514827.14285714284,50.97336092889476,4.309022344671084,Luxurious
1880,449555.0,51.01138982072448,4.366670334804054,Mid-range
1910,645134.4285714285,50.94874989926418,4.570642620178585,Upscale
1930,467727.97222222225,50.88338465440317,4.47820494125249,Mid-range
1932,385780.0,50.86860468071333,4.444164020555327,Luxurious
1933,900300.0,50.85654613816079,4.510708348249879,Upscale
1950,844430.6818181818,50.845386982127444,4.471344481505892,Upscale
1970,670571.4285714285,50.84309057749016,4.492424812620597,Mid-range
1980,586333.3333333334,50.987652937553015,4.42957064327596,Upscale
1981,406500.0,50.99295390689466,4.502914696762615,Mid-range
1982,508166.6666666667,50.967822951963036,4.503548665909508,Upscale
2000,666180.1786941581,51.248447820724365,4.376134025032607,Mid-range
2018,541234.2541436465,51.248447820724365,4.376134025032607,Exclusive
2020,289465.5172413793,51.248447820724365,4.376134025032607,Mid-range
2030,209000.0,51.248447820724365,4.376134025032607,Budget-friendly
2040,391625.0,51.34298198470965,4.298111097530031,Mid-range
2050,378265.74418604653,51.248447820724365,4.376134025032607,Budget-friendly
2060,331698.0,51.248447820724365,4.376134025032607,Mid-range
2070,396860.90196078434,51.23137750205675,4.319816188688978,Mid-range
2100,291512.6288659794,51.215898155997046,4.46823712928013,Budget-friendly
2110,774984.2857142857,51.229586673387296,4.516867253463567,Mid-range
2140,276590.9090909091,51.2119968157408,4.444865773892291,Mid-range
2150,353994.7368421053,51.19145932067747,4.487687146271747,Upscale
2160,483859.0909090909,51.20678750787161,4.518952239348571,Mid-range
2170,280997.6666666667,51.25156639821808,4.44450162313264,Mid-range
2180,409047.61904761905,51.28352081368884,4.4304552890543425,Mid-range
2200,344991.22807017545,51.183255497155216,4.831562156337345,Budget-friendly
2220,468956.358490566,51.06268641706418,4.72968659576947,Mid-range
2221,369428.5714285714,51.04634221090044,4.7673047365352055,Budget-friendly
2222,540125.0,51.103700353875695,4.722370017948313,Mid-range
2223,399142.85714285716,51.02869754911989,4.697724012817591,Mid-range
2230,373040.0,51.052403764130105,4.899473338402746,Mid-range
2235,374875.0,51.04722426784125,4.802118046978261,Mid-range
2240,582225.0,51.22069321522656,4.665552049419401,Upscale
2242,648333.3333333334,51.22691252263992,4.706119439268822,Mid-range
2243,536500.0,51.198617734043566,4.695739820672819,Mid-range
2250,374130.1666666667,51.16347229635089,4.885612822364903,Mid-range
2260,562160.8695652174,51.118648677888004,4.893322739960348,Mid-range
2270,400785.71428571426,51.13916219772636,4.759935300337723,Mid-range
2275,418767.75,51.252365619447,4.822425937160039,Mid-range
2280,507500.0,51.18510499166731,4.739906950288028,Luxurious
2288,349000.0,51.16186795577687,4.7365146054743645,Mid-range
2290,388583.3333333333,51.21766611526779,4.772892306400321,Mid-range
2300,344429.4270833333,51.3289645417869,4.940164879461028,Budget-friendly
2310,473161.76470588235,51.35514942435804,4.7674942745236395,Mid-range
2320,766001.8461538461,51.399348468595555,4.742741597146226,Upscale
2321,833000.0,51.452321282795396,4.727615310693475,Mid-range
2322,494333.3333333333,51.43142807168572,4.774254142673586,Upscale
2323,475000.0,51.39956728747595,4.80967875034335,Mid-range
2328,782500.0,51.47294429226783,4.800455130217273,Upscale
2330,615333.3333333334,51.370433742714766,4.870213713566063,Upscale
2340,543406.25,51.32032913642496,4.834400497031085,Mid-range
2350,425142.85714285716,51.30529427138714,4.885090740973934,Budget-friendly
2360,475941.4117647059,51.32073392547652,5.004371318046827,Exclusive
2370,349444.44444444444,51.33462182308609,5.085447550635012,Mid-range
2380,413750.0,51.37817221543302,5.022773863066916,Upscale
2381,388780.0,51.41131354672353,5.0060100753927514,Mid-range
2382,693416.6666666666,51.44976104267063,5.052107033848186,Mid-range
2390,520460.0,51.28881699322618,4.743920598152036,Upscale
2400,394539.51515151514,51.241515872832345,5.1221318711285955,Mid-range
2430,341077.5,51.08791988851712,5.0461260886208406,Mid-range
2431,399000.0,51.06274475941587,4.979785860950487,Mid-range
2440,374707.31707317074,51.16646686399132,4.984736550693137,Mid-range
2450,350200.0,51.124534764529855,5.073574387688352,Mid-range
2460,401298.2727272727,51.22543459542968,4.912232894257663,Mid-range
2470,444285.71428571426,51.267067940052925,5.07679040926115,Budget-friendly
2480,426857.14285714284,51.241515872832345,5.1221318711285955,Mid-range
2490,361714.28571428574,51.166344406480725,5.189507620442092,Upscale
2491,366000.0,51.133153313377505,5.1613779824434545,Mid-range
2500,344418.38524590165,51.13160180554329,4.561792200549251,Budget-friendly
2520,413782.85714285716,51.1851724480689,4.599904016207306,Upscale
2530,399800.0,51.160670898875395,4.507452123689277,Mid-range
2531,542708.4285714285,51.175995125929624,4.536292285020099,Mid-range
2540,525750.0,51.147212966513656,4.482310085349264,Luxurious
2547,391500.0,51.12769847424817,4.497806447410268,Mid-range
2550,456356.41025641025,51.128476784411255,4.44113168462789,Mid-range
2560,389037.5,51.14377998437943,4.634965861012082,Mid-range
2570,431927.0,51.095719546804055,4.514141623555746,Mid-range
2580,482163.756097561,51.04727200735847,4.627238962828943,Upscale
2590,326535.71428571426,51.10495876136289,4.654716228104271,Mid-range
2600,419440.0,51.19213330584189,4.431973220636266,Budget-friendly
2610,383733.3232323232,51.16429714238415,4.387893089723031,Luxurious
2620,328525.0,51.14373586065193,4.340183148796095,Mid-range
2627,404400.0,51.12267361693446,4.342687429249923,Mid-range
2630,388236.36363636365,51.13183400239181,4.382521989987779,Mid-range
2640,357648.5223880597,51.17463975833746,4.461040132890298,Luxurious
2650,489054.6875,51.1562541917077,4.432829593906586,Exclusive
2660,277605.9322033898,51.17680075275425,4.349449465701912,Mid-range
2800,465284.2193548387,51.03007676437425,4.468101716569333,Mid-range
2801,488633.3333333333,51.048896156279405,4.409688494262013,Mid-range
2811,433125.0,51.02601332098993,4.400356854897055,Luxurious
2812,567718.1818181818,51.00884825004317,4.52176968070652,Mid-range
2820,571843.7333333333,51.027021221986644,4.54466040398519,Mid-range
2830,345786.08247422683,51.063785840068654,4.360048181748833,Mid-range
2840,450250.0,51.10462897076046,4.407466354353447,Mid-range
2845,352250.0,51.10729376871485,4.33556593193733,Mid-range
2850,358566.6666666667,51.09355764030045,4.372901183292752,Mid-range
2860,420307.6923076923,51.064188891317116,4.514746404462987,Mid-range
2861,218625.0,51.059134417535546,4.575467319838737,Mid-range
2870,347296.1538461539,51.072368741393966,4.291591868087934,Mid-range
2880,394336.95652173914,51.09084846028838,4.228201007273273,Mid-range
2890,404578.94736842107,51.062738850754315,4.240558354848952,Budget-friendly
2900,624255.1724137932,51.26417701511706,4.508194509964705,Mid-range
2910,382150.0,51.44950433077206,4.465890207947531,Budget-friendly
2920,374388.8888888889,51.398862311960194,4.468685734962266,Mid-range
2930,794030.1724137932,51.309508592907214,4.5004250280853695,Mid-range
2940,322938.23529411765,51.337978875586835,4.36993960452919,Budget-friendly
2950,760147.1428571428,51.33395441181101,4.443787769978329,Upscale
2960,539301.0,51.334976678828546,4.607172140109691,Luxurious
2970,1009098.1818181818,51.25282552271659,4.594469949585567,Upscale
2980,633803.88,51.26355606407579,4.682858296150449,Mid-range
2990,491500.0,51.391851170056874,4.565707127709544,Upscale
3000,495538.0,50.8810526792466,4.69569641887135,Mid-range
3001,428067.5675675676,50.85734711667344,4.691098755030863,Mid-range
3010,481086.95652173914,50.88954206447257,4.736791897843723,Mid-range
3012,440700.0,50.92127141131543,4.707202587569181,Mid-range
3018,367250.0,50.92127141131543,4.707202587569181,Mid-range
3020,528062.5,50.90898399648882,4.642821496825906,Mid-range
3040,452125.0,50.81565278621968,4.619809577671658,Upscale
3050,619750.0,50.82968856103344,4.661175687748797,Mid-range
3051,478800.0,50.80458708010642,4.650360859796001,Upscale
3052,849666.6666666666,50.82559015169222,4.710276094943632,Upscale
3053,407250.0,50.81690502548463,4.705482591274831,Mid-range
3060,466375.0,50.87014269326936,4.625598414804474,Luxurious
3070,476580.14285714284,50.884684436386145,4.538103844626135,Mid-range
3071,542625.0,50.905095205098974,4.572830760492655,Upscale
3078,406600.0,50.87197687503428,4.5607874765310115,Mid-range
3080,743714.2857142857,50.821168109569065,4.504921690627695,Mid-range
3090,538524.5348837209,50.77131194884989,4.532882605153322,Upscale
3110,376000.0,50.95663014095065,4.729643203754868,Mid-range
3111,383250.0,50.948083381242256,4.767193984031677,Budget-friendly
3118,498312.5,50.974437446459724,4.707853684749772,Budget-friendly
3120,449000.0,50.99429271970909,4.709198894538122,Mid-range
3128,499500.0,51.00532033491213,4.748688160616197,Upscale
3130,434750.0,50.99502244496066,4.785669137790253,Upscale
3140,796797.4285714285,51.00520268020055,4.654303955797991,Luxurious
3150,585125.0,50.97836723301938,4.633056953501904,Mid-range
3189,250000.0,,,Budget-friendly
3190,790375.0,50.97551341323077,4.578350830548796,Exclusive
3191,797333.3333333334,50.9849690381292,4.542268865741871,Exclusive
3200,407655.0,50.98527054969427,4.8343102291469755,Mid-range
3201,439333.3333333333,51.01109800941638,4.891356263524847,Mid-range
3202,848333.3333333334,50.974451211610976,4.895613288808407,Upscale
3210,585194.3888888889,50.88357963294684,4.835081689733584,Mid-range
3211,475166.6666666667,50.87243034807027,4.8924806024977405,Mid-range
3212,988333.3333333334,50.8747668407872,4.7900296902561985,Luxurious
3220,642875.0,50.921265751787175,4.796491715207058,Upscale
3221,344750.0,50.947958829092094,4.831013953272166,Mid-range
3270,368500.0,50.97091251522217,4.977675317891447,Budget-friendly
3271,412100.0,50.99895330058122,4.981617466438012,Budget-friendly
3272,315266.6,51.01625602737977,4.946307973458278,Budget-friendly
3290,370400.0,51.01216806865579,5.098913716877939,Budget-friendly
3293,269000.0,50.97915616259631,5.028035926090064,Mid-range
3300,301079.62025316455,50.80922727420936,4.941172558459968,Upscale
3320,377846.1538461539,50.78225179814631,4.877610300119027,Mid-range
3350,291708.3333333333,50.811992920375054,5.02121613805768,Mid-range
3360,546921.1470588235,50.82540076878983,4.757466104552368,Mid-range
3370,412610.0,50.83055983736094,4.826380661577238,Mid-range
3380,459500.0,50.87384458226342,4.952022082423206,Mid-range
3384,315000.0,50.86937462434681,4.921409000971563,Mid-range
3390,473538.46153846156,50.93598845337997,4.914815932945844,Mid-range
3391,474957.0,50.89595675363268,4.9151565863386395,Mid-range
3400,320214.28571428574,50.76667903877654,5.039508072145607,Mid-range
3401,437500.0,50.718032360518414,5.087728599429149,Mid-range
3404,392666.6666666667,50.765882457050026,5.099306592202783,Mid-range
3440,265214.28571428574,50.843150737095876,5.118295088901426,Mid-range
3450,443000.0,50.89500693999195,5.10532003006251,Mid-range
3460,502682.22222222225,50.93685110466318,4.972034148406212,Exclusive
3470,365571.4285714286,50.90570825664911,5.056948979369892,Mid-range
3471,587000.0,50.86659404146787,5.00507158453757,Upscale
3472,528333.3333333334,50.89424346153927,5.0063731488353715,Mid-range
3500,384828.1785714286,50.93340823156662,5.3539234872135655,Mid-range
3502,540000.0,,,Upscale
3510,423482.0,50.95107161633338,5.25139545968784,Luxurious
3511,331985.71428571426,50.95185535242305,5.301449126036597,Mid-range
3520,368665.25925925927,50.99193999281114,5.376662200197104,Mid-range
3530,341950.0,51.030095988663966,5.4215253160211265,Budget-friendly
3540,565875.0,50.923981647173676,5.18221676878469,Mid-range
3545,307405.4166666667,50.93999683513806,5.096551633664311,Upscale
3550,528617.6470588235,51.00902295258934,5.294774004254104,Mid-range
3560,314555.55555555556,50.99602445645074,5.199884737277817,Mid-range
3570,385655.55555555556,50.878408298677975,5.290565432675959,Upscale
3580,331593.90625,51.045748329744264,5.223021187980118,Mid-range
3581,366857.14285714284,51.090098965515864,5.248218029108467,Mid-range
3582,333419.6,51.07062776310164,5.28067689900486,Mid-range
3583,504700.0,51.047686051880795,5.173248093354319,Luxurious
3590,395452.1052631579,50.91148333449561,5.417426449396492,Budget-friendly
3600,282025.95238095237,50.967174345910735,5.4949237804863404,Budget-friendly
3620,464906.9166666667,50.89998677041696,5.645659516356118,Mid-range
3621,1890000.0,50.928556465051244,5.661986840544107,Exclusive
3630,435489.0833333333,50.97378286902597,5.652242272891972,Mid-range
3631,379900.0,50.9280577168514,5.720700717969127,Mid-range
3640,276000.0,51.17115647372937,5.72880856924644,Mid-range
3650,358000.0,51.03297006986552,5.70023659884594,Mid-range
3660,458166.6666666667,51.04035063845221,5.57135925539233,Luxurious
3665,417750.0,51.00403806391602,5.570947431025026,Mid-range
3670,468970.28571428574,51.084279929614404,5.598544655982336,Mid-range
3680,425833.22222222225,51.09916661611053,5.703826568360952,Budget-friendly
3690,492000.0,50.93287623158777,5.5754019777598245,Mid-range
3700,302877.72222222225,50.781684646613506,5.466938591585194,Budget-friendly
3720,428118.5789473684,50.86601338435881,5.3782910830164745,Exclusive
3721,159000.0,50.867733483119835,5.4309721883501325,Budget-friendly
3724,845000.0,50.83027442474485,5.422309843662548,Mid-range
3730,344590.0,50.84869483874838,5.4825239806318296,Mid-range
3740,434568.9655172414,50.87949887317435,5.509721523877871,Mid-range
3770,308500.0,50.80891991474512,5.598513740289083,Mid-range
3791,699000.0,50.72970119687923,5.883215704808167,Upscale
3800,375981.0612244898,50.798878110258016,5.2274980798927775,Mid-range
3803,332000.0,50.83301023422726,5.147664225873109,Mid-range
3806,1216000.0,50.77914883264713,5.135227965158734,Mid-range
3830,638140.0,50.84595525055639,5.336452655385173,Mid-range
3840,316354.95,50.80126374028137,5.347299861560884,Budget-friendly
3850,404767.5714285714,50.87456504009532,5.193628950060383,Mid-range
3870,280546.1538461539,50.7480248373796,5.306318367766914,Mid-range
3890,247000.0,50.73831294896235,5.175805996786182,Mid-range
3891,434500.0,50.750593993217784,5.1763269783803185,Mid-range
3900,329580.0,51.20029934000348,5.393398832214905,Budget-friendly
3910,534400.0,51.230977155710605,5.444661036360133,Mid-range
3920,413241.3793103448,51.225583998505414,5.302058606362873,Mid-range
3930,635389.0909090909,51.26942532941101,5.481430155210708,Mid-range
3940,483000.0,51.11791085898852,5.341586539050862,Mid-range
3941,357666.6666666667,51.156731809260286,5.350842696730286,Mid-range
3945,466857.14285714284,51.09460290737297,5.133385546739354,Upscale
3960,343923.75,51.14058541231272,5.636412026020706,Mid-range
3970,325152.95652173914,51.12093887157154,5.265840257968899,Mid-range
3971,215666.66666666666,51.112588547157614,5.229498754954051,Budget-friendly
3980,308666.9375,51.054783189174685,5.069536263946347,Budget-friendly
3990,314980.4285714286,51.11022210934622,5.454253657474964,Mid-range
4000,360885.62352941174,50.64100863770039,5.576746544206011,Budget-friendly
4020,247580.35714285713,50.639959100598105,5.638561209383813,Budget-friendly
4030,245967.5,50.62614473189009,5.611819695855508,Budget-friendly
4031,179127.27272727274,50.59185028437595,5.577531125648646,Budget-friendly
4032,192995.65217391305,50.614135660989234,5.623582074795952,Budget-friendly
4040,198153.52112676058,50.67921179186858,5.624363334016105,Mid-range
4041,266631.5789473684,50.69093418992845,5.594986028388135,Mid-range
4042,444800.5,50.69186805608346,5.571167772120222,Upscale
4050,201800.0,50.58522465817122,5.6444051822288746,Budget-friendly
4051,217944.44444444444,50.60192572212116,5.6339567661787555,Mid-range
4052,529259.0909090909,50.561812680638766,5.63741733618252,Mid-range
4053,385300.0,50.59057394130485,5.607087043742467,Upscale
4100,207965.35947712418,50.58496196593964,5.508048762890354,Mid-range
4101,205877.77777777778,50.61819164237959,5.497986977613582,Budget-friendly
4102,166866.66666666666,50.59505274799415,5.5464915208551835,Budget-friendly
4120,375813.04347826086,50.53217303794813,5.482227353192982,Mid-range
4121,366680.76923076925,50.55426996412121,5.469915430146981,Mid-range
4122,338625.0,50.54389010297114,5.527872583036606,Mid-range
4130,279040.0,50.529235561214904,5.560415477383841,Mid-range
4140,446181.25,50.507415279953975,5.6370035682496304,Mid-range
4141,563600.0,50.52741912628162,5.717120147431578,Mid-range
4160,424000.0,50.479093496502465,5.5228972877804905,Mid-range
4170,159750.0,50.4756584092423,5.581742754294782,Economical
4171,264633.3333333333,50.50253136444044,5.573724208598252,Budget-friendly
4180,352875.0,50.427710260460834,5.5357258086749646,Budget-friendly
4190,356416.6666666667,50.39547917259399,5.633411249954286,Economical
4210,365950.0,50.58456128801683,5.092973955562719,Mid-range
4217,411929.1666666667,50.549412522627364,5.090143739876208,Budget-friendly
4218,300166.6666666667,50.52630827143261,5.127824996316248,Mid-range
4219,337800.0,50.60713361162862,5.026554675484,Mid-range
4250,315400.0,50.67482564884707,5.16843188030489,Mid-range
4254,160000.0,50.65619859696325,5.175652517689511,Budget-friendly
4257,323834.375,50.712009582693646,5.210981477843381,Mid-range
4260,413181.8181818182,50.61047819822582,5.115731505060568,Mid-range
4280,350821.347826087,50.67444666979321,5.083404367538335,Mid-range
4287,352666.6666666667,50.712177041056314,5.033101948635712,Mid-range
4300,262729.1666666667,50.69000743206165,5.253818432923701,Mid-range
4317,649833.3333333334,50.65927815315745,5.2435332996051995,Mid-range
4340,282900.0,50.70502524243452,5.441028833197113,Budget-friendly
4347,430000.0,50.66666070231287,5.405647284829985,Upscale
4350,253400.0,50.686005865390605,5.331842860471897,Budget-friendly
4357,449000.0,50.65092325546578,5.309581732627891,Mid-range
4360,296000.0,50.718706886537056,5.3547688508954465,Mid-range
4367,387222.22222222225,50.716831389555615,5.402696581101545,Upscale
4400,235146.9135802469,50.593410925357574,5.430129978484226,Budget-friendly
4420,213550.8275862069,50.629837917805894,5.535060559845203,Mid-range
4430,223464.16666666666,50.65833644138832,5.528168774947655,Mid-range
4431,327226.0,50.666242681486686,5.4966005840809276,Budget-friendly
4432,235166.66666666666,50.6804582190948,5.5072436753673655,Mid-range
4450,336062.5,50.708868602680006,5.547836209240529,Mid-range
4451,275000.0,50.68931739251802,5.548125535686045,Mid-range
4452,234500.0,50.72529589978149,5.501118983612095,Budget-friendly
4458,604262.5,50.71433424897992,5.5784149471353315,Mid-range
4460,260856.41025641025,50.64214218719312,5.42914187160935,Mid-range
4470,256866.66666666666,50.59670713269878,5.360581366085947,Mid-range
4480,221805.55555555556,50.54940848302819,5.390638932115777,Mid-range
4500,241318.6274509804,50.49945695953772,5.181064535082792,Budget-friendly
4520,359916.0,50.54868891995823,5.181242811816953,Budget-friendly
4525,1680000.0,,,Exclusive
4530,294571.4285714286,50.593163322500004,5.222214523554705,Mid-range
4537,304000.0,50.60516633896076,5.3154057083189175,Mid-range
4540,251802.64,50.55255963122397,5.311435799134499,Mid-range
4550,407400.0,50.521984968720844,5.385171379484152,Mid-range
4557,265666.6666666667,50.47689493645064,5.383587116690836,Mid-range
4560,414733.25,50.420737448736794,5.369765408196325,Exclusive
4570,248821.42857142858,50.473945293960455,5.233448550941895,Mid-range
4577,363850.0,50.477535782778155,5.2879021079343005,Mid-range
4590,242402.2857142857,50.44011299060317,5.478514951977716,Mid-range
4600,299142.85714285716,50.73709797041671,5.701782207365342,Mid-range
4601,85000.0,50.70207095830987,5.688323937396018,Economical
4602,354342.5,50.68354687061111,5.67580876014664,Budget-friendly
4607,335500.0,50.728569832193,5.741479660950062,Mid-range
4608,295000.0,50.714506071689094,5.777538738447603,Mid-range
4610,249276.33333333334,50.63300984234396,5.671567293582618,Budget-friendly
4620,269190.0,50.61824452614199,5.683137791030607,Budget-friendly
4621,287000.0,50.62899679344338,5.698379831248319,Mid-range
4624,348500.0,50.60428331237354,5.665233901405933,Upscale
4630,365000.0,50.646425643526335,5.7032087296498615,Mid-range
4649,830000.0,,,Luxurious
4650,478462.5,50.60668764857255,5.806874439823573,Mid-range
4652,362000.0,50.61078931878826,5.771850776307537,Mid-range
4654,1750000.0,50.67624576270806,5.807628310761868,Exclusive
4670,274062.5,50.680270695887955,5.747660575405222,Budget-friendly
4671,318333.3333333333,50.65534079444836,5.674857738316832,Mid-range
4672,374000.0,50.69333591033592,5.707331819981653,Mid-range
4680,297640.0,50.71149221666199,5.611734922005852,Budget-friendly
4681,251750.0,50.71604706559913,5.675361165537338,Mid-range
4682,306333.3333333333,50.72881647641451,5.631443900586804,Budget-friendly
4683,262687.5,50.69624198676869,5.654562602832895,Budget-friendly
4684,186500.0,50.73584797043918,5.659160032334298,Budget-friendly
4690,322362.5,50.76497607239577,5.604165228217777,Budget-friendly
4700,348646.5714285714,50.603595114378116,6.137609316512761,Economical
4710,199000.0,50.67881290433241,5.991143312332854,Budget-friendly
4720,259000.0,50.72570477776681,6.012157629321648,Mid-range
4730,390000.0,50.649166334686754,6.140831297731922,Budget-friendly
4731,2890000.0,50.69859390393582,6.0960472439258755,Aspirational
4750,265000.0,50.479812184949694,6.223987444186985,Mid-range
4760,495000.0,50.34551850347334,6.333485173401631,Mid-range
4800,268328.5853658537,50.56914523874434,5.879655823611434,Mid-range
4801,201680.5,50.59238313745336,5.902807377719397,Economical
4802,349989.22222222225,50.56914523874434,5.879655823611434,Budget-friendly
4820,248200.0,50.613315193492284,5.854411888490793,Budget-friendly
4821,170250.0,50.61429464831296,5.884105409196777,Economical
4830,299666.6666666667,50.60246696405553,5.934281847498286,Mid-range
4834,94000.0,50.59872335953817,5.957013126892896,Economical
4837,576921.5,50.57275372512368,6.059851595107361,Upscale
4840,427277.125,50.65913417375105,5.965981946628496,Mid-range
4841,307000.0,50.66552462291628,5.926423757666302,Mid-range
4845,416600.0,50.50986541186604,5.950080404670834,Upscale
4850,511666.6666666667,50.710827133860704,5.950799963358972,Exclusive
4851,259000.0,50.74698777915346,5.97976403510126,Mid-range
4852,360795.0,50.71799547940604,5.9198675355966826,Mid-range
4860,272357.14285714284,50.55726408880471,5.798373353668578,Mid-range
4870,239743.0,50.58736496113965,5.731972613312919,Mid-range
4877,346333.3333333333,50.58736496113965,5.731972613312919,Mid-range
4880,623408.0,50.700486490576935,5.8513589270259025,Luxurious
4890,517250.0,50.67156235459628,5.878938014018685,Upscale
4900,454389.0,50.472024262928485,5.86707384966682,Budget-friendly
4910,515961.53846153844,50.479293293663225,5.792942482132827,Budget-friendly
4920,254372.72727272726,50.46110254469126,5.670030537118238,Budget-friendly
4950,312245.75,50.50290789629794,6.1314033893304325,Budget-friendly
4960,365083.3333333333,50.453739832613685,6.043258899461595,Upscale
4970,284200.0,50.39359722903743,5.950319171761081,Budget-friendly
4980,169500.0,50.35343298613215,5.937157500592078,Budget-friendly
4987,563500.0,50.42261730261762,5.787930660775993,Exclusive
4990,308000.0,50.29409301034046,5.794561305962568,Mid-range
5000,368753.8461538461,50.457759547420494,4.854539162275639,Budget-friendly
5001,361333.3333333333,50.46995741568755,4.821762784969388,Mid-range
5002,289181.8181818182,50.47869396859471,4.838488417206432,Budget-friendly
5004,368000.0,50.478874984040665,4.893869705686034,Mid-range
5020,283913.6842105263,50.49563850900468,4.873254627779406,Mid-range
5022,449000.0,50.51703286547315,4.9080968903714925,Mid-range
5030,350777.77777777775,50.56226114863281,4.697014729356807,Economical
5031,716000.0,50.58043804844668,4.76821828718657,Luxurious
5032,285000.0,50.522287433980544,4.7057966491197565,Mid-range
5060,275260.1034482759,50.44623070905599,4.632974955181051,Mid-range
5070,280427.48484848486,50.3948193471962,4.691483360689996,Mid-range
5080,326600.0,50.51802156697481,4.823040677097621,Mid-range
5081,397250.0,50.53704044788278,4.775332482316229,Budget-friendly
5100,344221.97647058824,50.41121198572444,4.899775924422468,Budget-friendly
5101,419500.0,50.456610659386854,4.946185429338447,Mid-range
5140,283300.0,50.544450199823686,4.604155625840349,Budget-friendly
5150,454142.85714285716,50.42119091720402,4.77748662433658,Mid-range
5170,372777.77777777775,50.38843943711718,4.8264040094071285,Mid-range
5190,307235.29411764705,50.45878087705008,4.689321690925804,Mid-range
5300,304570.76923076925,50.470976974644394,5.045737027703342,Budget-friendly
5310,355818.1818181818,50.589589303738954,4.9097344895319806,Budget-friendly
5330,383000.0,50.36606853931639,5.020871557528589,Mid-range
5332,380000.0,50.351207136545604,4.961712178534264,Mid-range
5336,345000.0,50.39510851684177,4.996020765701244,Mid-range
5340,445500.0,50.4076707290065,5.0704560512873025,Mid-range
5350,310047.8,50.441864713360246,5.147327658298041,Budget-friendly
5351,290000.0,50.441864713360246,5.147327658298041,Mid-range
5353,420500.0,50.452469672410466,5.208424610080438,Mid-range
5360,466800.0,50.34906234313159,5.160500843183148,Mid-range
5364,407500.0,50.36563070490373,5.124727454236162,Mid-range
5370,282333.3333333333,50.35324114383989,5.234149664913023,Mid-range
5376,595000.0,50.36785139207581,5.243183871046597,Upscale
5377,222920.0,50.296262885971046,5.303213461804268,Budget-friendly
5380,388400.0,50.546491169184726,4.982835996473257,Budget-friendly
5500,260268.8,50.228545842808934,4.90622118525634,Mid-range
5501,490000.0,50.28922251728592,4.9526064024415,Mid-range
5504,950000.0,50.23963348274697,4.987813904353079,Luxurious
5522,426333.3333333333,50.284685553110265,4.797119069820602,Mid-range
5530,270375.0,50.335959831796735,4.980740469908019,Budget-friendly
5537,355285.71428571426,50.3335869684532,4.796803952608396,Mid-range
5540,197750.0,50.2078836754068,4.832756422482895,Economical
5541,362250.0,50.2078836754068,4.832756422482895,Mid-range
5542,84000.0,50.19203680336448,4.8407337935185675,Economical
5543,182500.0,50.16549170513231,4.844595751539798,Budget-friendly
5544,175000.0,50.16335709112081,4.792448026629197,Budget-friendly
5550,173300.0,49.81215041837728,4.9131328842918345,Mid-range
5555,209450.0,49.91362049811571,4.998335027623808,Budget-friendly
5560,329777.77777777775,50.172628492844844,4.968684555520797,Mid-range
5561,122000.0,50.22314318428099,5.007105967209664,Budget-friendly
5564,395000.0,50.149633736117195,5.067139267601601,Mid-range
5570,282583.3333333333,50.08384330829393,5.040325265896285,Budget-friendly
5572,345000.0,50.12749275678512,5.044689986719531,Mid-range
5574,155000.0,50.08885978622481,5.0034189402375535,Budget-friendly
5575,197800.0,49.9929545134084,4.885444604221798,Budget-friendly
5576,229000.0,50.05045280411518,5.001612601787774,Budget-friendly
5580,284814.6341463415,50.15164063847288,5.170062938055328,Mid-range
5590,318571.4285714286,50.25624897081881,5.122824767561598,Mid-range
5600,190400.0,50.16289384914997,4.571891599680242,Budget-friendly
5620,200250.0,50.22859428096972,4.682579832709662,Budget-friendly
5621,230000.0,50.29540777309948,4.565329626632812,Budget-friendly
5630,232000.0,50.19005868117103,4.433892293802589,Budget-friendly
5640,337612.5,50.3263285233684,4.650508996795713,Mid-range
5644,365000.0,50.288945096747675,4.723851662787109,Mid-range
5650,287333.3333333333,50.24835129550285,4.43827062667041,Budget-friendly
5651,345000.0,50.29549130048675,4.455249275038879,Mid-range
5660,259000.0,50.02591044841348,4.521200178801961,Economical
5670,193375.0,50.06128545825886,4.607604903151012,Budget-friendly
5680,175666.66666666666,50.139022948304294,4.6710549870624485,Budget-friendly
6000,258885.36585365853,50.41632296870234,4.448541194700186,Budget-friendly
6001,222929.41176470587,50.38225363133343,4.440022349479033,Budget-friendly
6010,161376.92307692306,50.38738594793574,4.471682428951614,Budget-friendly
6020,152500.0,50.41727752258545,4.426930454280802,Budget-friendly
6030,128333.22222222222,50.40979153641901,4.4003850453821665,Economical
6031,272200.0,50.41682879063639,4.376855591954091,Mid-range
6032,305307.14285714284,50.382584915377535,4.409596474775443,Upscale
6040,208803.2258064516,50.444720779004314,4.43508407116947,Budget-friendly
6041,246550.0,50.469348178772314,4.443036647141276,Budget-friendly
6042,174000.0,50.43082543509163,4.445088267227546,Budget-friendly
6043,264000.0,50.455291567001304,4.482185655871988,Budget-friendly
6044,163041.66666666666,50.439827627940524,4.390184365559585,Budget-friendly
6060,191326.66666666666,50.42801704334071,4.485373214118113,Budget-friendly
6061,189768.46153846153,50.40703507741261,4.474362856677057,Budget-friendly
6110,318375.0,50.37221819422906,4.377794034073585,Mid-range
6111,360000.0,50.387888119787554,4.352541315701001,Mid-range
6120,363094.2,50.32368641321891,4.392363013422629,Mid-range
6140,169975.0,50.41166595335169,4.322326932134048,Economical
6141,409900.0,50.431992527152396,4.3214370817388215,Mid-range
6142,335000.0,50.38772819346952,4.321438240901546,Mid-range
6150,191541.66666666666,50.403614438638385,4.265665841285156,Budget-friendly
6180,209821.81818181818,50.46129976005874,4.371924010502227,Mid-range
6181,252450.0,50.49356069435289,4.321858639805036,Mid-range
6182,124000.0,50.44647867483665,4.342232335477467,Budget-friendly
6183,210840.0,50.46341661415244,4.323267120555157,Mid-range
6200,189237.40625,50.38361148737189,4.510607244620078,Budget-friendly
6210,383384.6153846154,50.53834844566403,4.445996016740626,Mid-range
6211,275000.0,50.503548344357434,4.482079376421948,Mid-range
6220,208155.55263157896,50.47084791169866,4.5358954856785685,Budget-friendly
6221,245000.0,50.51075215545845,4.529097147609301,Mid-range
6222,560000.0,50.53016995305675,4.563277340296821,Upscale
6223,175000.0,50.52221118069762,4.529837788789084,Budget-friendly
6224,200368.36842105264,50.47621722958689,4.578579799842651,Budget-friendly
6230,255697.9411764706,50.51181207915504,4.390802624362681,Budget-friendly
6238,402744.44444444444,50.51380992517715,4.425481448298368,Mid-range
6240,202580.0,50.43504749697217,4.548899555935839,Mid-range
6250,244414.2857142857,50.416649525281294,4.591784707468043,Budget-friendly
6280,332000.0,50.36017223758737,4.523242741162944,Mid-range
6440,75000.0,50.133096318864645,4.3494113497929074,Economical
6460,178000.0,50.07867277426734,4.274520828596977,Budget-friendly
6464,79666.66666666667,50.00089209592164,4.357438686155878,Economical
6470,191333.0,50.16398541429335,4.22739285471852,Budget-friendly
6500,354110.6,50.213805173417235,4.24543910724317,Mid-range
6530,239000.0,50.3444427429975,4.296923768430381,Budget-friendly
6532,160000.0,50.311942516865784,4.269962571572194,Budget-friendly
6533,260000.0,50.323462089031366,4.261483400913289,Mid-range
6534,315000.0,50.34868908709587,4.346616190652407,Mid-range
6540,265231.5,50.358020372384544,4.266199327463462,Budget-friendly
6542,120000.0,50.33861404174617,4.21653934089934,Budget-friendly
6560,239916.66666666666,50.30024640277612,4.145436326314291,Economical
6567,265750.0,50.321764997657006,4.190430142008371,Budget-friendly
6590,208142.85714285713,50.02162973923655,4.176287709519636,Mid-range
6591,344500.0,50.036243994263806,4.206042073482571,Economical
6593,200000.0,49.977320436172576,4.1988746354359785,Budget-friendly
6596,400000.0,49.97898648422563,4.269644953625766,Mid-range
6600,525187.5,49.99402420506634,5.778188594148576,Luxurious
6630,259666.66666666666,49.81114180866708,5.724790024237842,Budget-friendly
6637,714750.0,49.90302132947767,5.698147410667557,Mid-range
6640,423915.3846153846,49.911239171143,5.6089347598933355,Mid-range
6660,312750.0,50.12884928984165,5.785168385349334,Mid-range
6661,370000.0,50.159261224130894,5.785887742892076,Mid-range
6662,150000.0,50.104656740274564,5.844017287644833,Budget-friendly
6670,471333.3333333333,50.1554258444236,5.924095190498312,Mid-range
6671,232800.0,50.22726344766786,5.92961403178149,Budget-friendly
6680,406235.0,50.00000388003773,5.557721163814337,Upscale
6686,404500.0,50.06338776348134,5.606593809442786,Mid-range
6687,953750.0,50.08988048136106,5.678127382385678,Mid-range
6688,2250000.0,50.0426383250265,5.670351880014501,Aspirational
6690,296800.0,50.24765540036063,5.811034974448453,Mid-range
6692,364500.0,50.28124402586553,5.988170180603465,Budget-friendly
6698,139000.0,50.32371252905669,5.907434542453936,Budget-friendly
6700,399090.9090909091,49.68523319258533,5.7415202000238965,Mid-range
6717,456875.0,49.75420777419082,5.776093147961596,Budget-friendly
6720,342772.0909090909,49.74650799227212,5.659611775346301,Mid-range
6723,595000.0,49.71862344579244,5.6154254778907715,Upscale
6724,445666.6666666667,49.72469658214863,5.584882988483655,Budget-friendly
6730,280700.0,49.686161342951024,5.512110597659552,Budget-friendly
6740,317500.0,49.66464260205263,5.615989158827708,Mid-range
6741,185000.0,49.66704544782038,5.669204381387059,Budget-friendly
6747,105000.0,49.61238072490389,5.653187325004047,Budget-friendly
6750,342500.0,49.56614956268711,5.700188781552907,Upscale
6760,259478.26086956522,49.6024106010902,5.586439661915086,Budget-friendly
6761,135000.0,49.55987469152944,5.566885790661556,Budget-friendly
6762,283000.0,49.54165370769686,5.530606033964006,Budget-friendly
6767,310142.85714285716,49.53508203015487,5.499749051664374,Budget-friendly
6769,145750.0,49.61163093704924,5.480048194278173,Budget-friendly
6780,486998.26666666666,49.631621783058776,5.839067589370517,Exclusive
6781,1115000.0,49.61176867222083,5.855063999433785,Exclusive
6782,280000.0,49.61018109325086,5.764544551734923,Budget-friendly
6790,377230.76923076925,49.56583399531406,5.804527562249287,Budget-friendly
6791,301681.8181818182,49.57086993737889,5.844003703149036,Budget-friendly
6792,357458.3333333333,49.57175881836431,5.75801069233419,Budget-friendly
6800,251277.14285714287,49.966023829437134,5.380064364430568,Budget-friendly
6810,247555.55555555556,49.68602194700267,5.370379239265897,Budget-friendly
6812,225000.0,49.74608658491904,5.415493330986141,Budget-friendly
6820,270000.0,49.730217343328725,5.184128185589924,Mid-range
6823,169500.0,49.63982835133382,5.363443534552545,Mid-range
6824,125000.0,49.71025630475131,5.2693492261193065,Budget-friendly
6830,317588.23529411765,49.7690492821049,5.118811913985813,Mid-range
6831,325000.0,49.81335395137129,5.107898361138987,Mid-range
6832,830000.0,49.81947922854715,5.072301176633269,Mid-range
6833,270000.0,49.83100514037023,5.044393996035766,Mid-range
6834,209500.0,49.839895206995465,5.119076371486765,Budget-friendly
6836,290000.0,49.792793746138756,5.1354266792414425,Mid-range
6838,301818.1818181818,49.79527943567343,5.017588453111326,Mid-range
6840,263996.1538461539,49.8424024694399,5.431672182519433,Budget-friendly
6850,333743.75,49.89790501802281,5.128141991092279,Mid-range
6852,178687.5,49.94920516539996,5.124980525130461,Budget-friendly
6856,285000.0,49.854262365690154,5.1582456030194805,Mid-range
6860,278833.3333333333,49.80698722514835,5.6099619087915436,Budget-friendly
6870,233641.17647058822,50.03690455420123,5.313902123517168,Mid-range
6880,362225.0,49.84977519876712,5.240492986044481,Upscale
6887,299166.6666666667,49.80995012801415,5.315139327987978,Mid-range
6890,264845.0,49.975033875368666,5.235608802219327,Mid-range
6900,299035.0133333333,50.21249107184126,5.3662325505714055,Budget-friendly
6920,252825.0,50.065483546895,5.111386048020265,Mid-range
6921,277250.0,50.06655938330617,5.15517535823723,Mid-range
6924,212000.0,50.05230404659848,5.085140043949813,Budget-friendly
6927,262100.0,50.06697106261305,5.219646829870623,Mid-range
6929,266600.0,50.003839490814315,5.06712904861771,Mid-range
6940,354356.36363636365,50.324817507035,5.418311627470638,Economical
6941,284000.0,50.37761023713464,5.525863186340421,Mid-range
6950,293666.6666666667,50.1175874690849,5.367278074686654,Mid-range
6951,287000.0,50.145729472352265,5.430710856296992,Budget-friendly
6953,258225.0,50.130211961412996,5.2831318208857105,Budget-friendly
6960,696000.0,50.30006951081897,5.6511780487737715,Mid-range
6970,298816.6666666667,50.08393238628601,5.4602215163455154,Mid-range
6980,271875.0,50.15622908507213,5.522423987166039,Mid-range
6982,395000.0,50.20224682438749,5.670560135809374,Mid-range
6986,830000.0,50.173774460280164,5.508984278009601,Luxurious
6987,336807.6923076923,50.225561542216425,5.482531103545013,Mid-range
6990,294150.0,50.268167181605,5.451885055651398,Mid-range
6997,331406.25,50.291261976609114,5.580717761285836,Mid-range
7000,286530.612244898,50.456203480863934,3.9685021666591336,Budget-friendly
7011,221800.0,50.481082162881385,3.901016350641789,Economical
7012,183857.14285714287,50.45206420035348,3.8964343000960744,Budget-friendly
7020,237000.0,50.4951508161205,3.972124117938859,Mid-range
7021,145000.0,50.45918696003368,4.044682821851172,Budget-friendly
7022,359000.0,50.40949604031477,4.020935214580339,Exclusive
7024,179000.0,50.412633442688026,3.9451466052179596,Budget-friendly
7030,424500.0,50.43872268944256,4.013831231106731,Mid-range
7032,285000.0,50.42411866903341,3.9905448121212914,Mid-range
7033,218200.0,50.43375629555613,3.9235572335343907,Mid-range
7034,173333.33333333334,50.48200388760719,4.00345440389874,Budget-friendly
7040,243000.0,50.36752867405708,3.9261335279719556,Budget-friendly
7041,521272.3333333333,50.37493720462305,4.024781199341022,Budget-friendly
7050,306937.5,50.52814330556847,3.918679117161573,Mid-range
7060,283561.6,50.61194257686289,4.030440932890032,Budget-friendly
7061,268250.0,50.519242244798235,4.04800871255348,Budget-friendly
7062,160000.0,50.548012339069835,4.100931494300653,Budget-friendly
7063,359500.0,50.55742575023612,4.006437199983385,Mid-range
7070,315523.3333333333,50.51427419126255,4.120027302711064,Mid-range
7080,181515.7619047619,50.38578213408955,3.8705385638083722,Budget-friendly
7090,270160.4651162791,50.60371814071546,4.131890628017427,Budget-friendly
7100,195599.9846153846,50.48132422290698,4.19011154300274,Economical
7110,225319.6,50.474815160866434,4.12138559583128,Budget-friendly
7120,410090.9090909091,50.39629094528612,4.095748578678034,Aspirational
7130,193044.6,50.41072051574393,4.175446206829685,Budget-friendly
7131,180000.0,50.404053619435395,4.150309924021009,Budget-friendly
7133,433627.8,50.37988564802503,4.202423169562303,Mid-range
7134,180538.46153846153,50.42207407680261,4.193661361460719,Mid-range
7140,215170.75,50.45668408944778,4.236149898184558,Economical
7141,168555.55555555556,50.442037889702995,4.256948981157719,Economical
7160,239988.42307692306,50.471307819925876,4.282857249459756,Economical
7170,186250.0,50.50169979774876,4.2454380952875646,Mid-range
7180,324545.45454545453,50.526342127372516,4.267552901341413,Mid-range
7181,351000.0,50.56357491577711,4.239812278948863,Mid-range
7190,247445.625,50.56896913004575,4.1634062777021885,Mid-range
7191,875000.0,50.56896913004575,4.1634062777021885,Luxurious
7300,167076.92307692306,50.428770523273045,3.788860299004143,Budget-friendly
7301,234615.38461538462,50.42392561275431,3.8208323149960965,Mid-range
7320,192000.0,50.480332045342706,3.647114170315043,Budget-friendly
7321,195357.14285714287,50.50207166780633,3.656865761710339,Economical
7322,1248750.0,50.4765234583893,3.733485175395442,Aspirational
7330,256875.0,50.4500706332298,3.8172904337168116,Mid-range
7331,214000.0,50.48388325647103,3.841110674109011,Budget-friendly
7332,355750.5,50.50994439203581,3.779560383207146,Mid-range
7333,284130.0,50.46581770145303,3.800762342554161,Budget-friendly
7334,228750.0,50.47317124088612,3.7620000645379954,Budget-friendly
7340,150208.33333333334,50.41357901065898,3.837522601240584,Budget-friendly
7350,366250.0,50.43469662965351,3.7083653814536435,Mid-range
7370,205141.5625,50.39099245390335,3.8001487818072714,Mid-range
7380,237800.0,50.388765845550154,3.692568855595319,Budget-friendly
7387,165187.5,50.349281749956276,3.7333268452111716,Budget-friendly
7390,203352.9411764706,50.43631602049697,3.86194835965052,Budget-friendly
7500,311309.5238095238,50.604136689758725,3.389009268205489,Mid-range
7501,338750.0,50.602611637589625,3.347229563836705,Budget-friendly
7503,625000.0,50.62489136694395,3.346537083665326,Upscale
7504,295000.0,50.58098203970654,3.3303814103708587,Mid-range
7520,240000.0,50.647346386472826,3.2825253115172197,Budget-friendly
7521,149000.0,50.5862481736304,3.412335241590891,Budget-friendly
7522,303000.0,50.61171026009968,3.2915790330161814,Mid-range
7530,155000.0,50.59532756736342,3.483051868633904,Budget-friendly
7534,189000.0,50.61105853195004,3.5520671325420774,Budget-friendly
7536,224333.33333333334,50.59123450717168,3.4415599804543526,Budget-friendly
7538,539000.0,50.572528257787404,3.508473443089577,Upscale
7540,293666.6666666667,50.65395242995072,3.438963243139209,Upscale
7600,190515.38461538462,50.512024646835705,3.59255320640889,Economical
7601,257000.0,50.52937405342307,3.586478486826305,Mid-range
7603,124000.0,50.49830025259294,3.613561374498213,Budget-friendly
7604,285000.0,50.55086938268508,3.536924130255559,Mid-range
7608,282500.0,50.50753481051892,3.5318351790340086,Budget-friendly
7610,295000.0,50.55274565455217,3.3063522199192126,Mid-range
7611,475002.0,50.52946413753035,3.306893241964832,Mid-range
7620,532238.0,50.5449124056137,3.3992738246942347,Upscale
7623,318750.0,50.50608146948224,3.38554306737723,Economical
7640,314864.25,50.54545345708928,3.4944897055267035,Mid-range
7700,234785.37931034484,50.745880794857555,3.215028338180876,Budget-friendly
7711,328909.0909090909,50.73438991075176,3.2937990942292363,Mid-range
7712,314750.0,50.721852963883954,3.240635140304602,Mid-range
7730,476975.63636363635,50.68201651214613,3.3018410867010766,Upscale
7740,246291.30434782608,50.68821665184891,3.328838749789718,Budget-friendly
7742,390000.0,50.69337538023613,3.3689264479109804,Mid-range
7750,342438.1666666667,50.724482583521386,3.5044545736781334,Budget-friendly
7760,447553.71428571426,50.7071975803299,3.456200534307307,Mid-range
7780,362250.0,50.784876378600636,2.99734556351623,Budget-friendly
7782,499000.0,50.72755766166643,2.8780756030848824,Mid-range
7783,109000.0,50.72755766166643,2.8780756030848824,Budget-friendly
7800,328753.3333333333,50.63179570360427,3.78049228040414,Mid-range
7802,307500.0,50.58665419458767,3.7293017141190106,Mid-range
7804,260000.0,50.677701418566485,3.7553209046098677,Mid-range
7810,240000.0,50.61786635385123,3.8047203981833277,Budget-friendly
7812,277083.5,50.628632330168784,3.725435693581204,Mid-range
7822,311437.5,50.6471815598948,3.8439814768590543,Mid-range
7830,630076.9230769231,50.6479669266252,3.9393945696011543,Mid-range
7850,439307.6923076923,50.659001835660554,4.036272078129364,Mid-range
7860,307866.6666666667,50.70782135153303,3.8276559593212687,Mid-range
7861,360000.0,50.69629991312962,3.7873374933022106,Mid-range
7864,286071.4285714286,50.73219062587638,3.86465888313695,Mid-range
7866,378942.8,50.68396490547971,3.8632562963582977,Mid-range
7870,345688.8888888889,50.56446331467332,3.9475828957169266,Mid-range
7880,342150.0,50.75357491255145,3.731663175948145,Budget-friendly
7890,346696.26923076925,50.71588222284948,3.727212389829618,Mid-range
7900,237468.5,50.59212889282027,3.6154793651811903,Economical
7901,465000.0,50.62058136421661,3.594621384457763,Mid-range
7903,275162.6666666667,50.59531937409011,3.6568557842774476,Budget-friendly
7904,596458.0,50.59212889282027,3.6154793651811903,Upscale
7910,434483.3333333333,50.68754560428395,3.530466499652594,Mid-range
7911,350666.6666666667,50.685314316780754,3.628571814619295,Mid-range
7912,470625.0,50.71244851530913,3.6069982531020446,Budget-friendly
7940,295000.0,50.59845750301012,3.8617229296549187,Mid-range
7941,420000.0,50.60955347523937,3.8336833054901907,Mid-range
7943,750000.0,50.6083969205011,3.89326844668147,Upscale
7950,288797.8,50.57418829736578,3.8079366251543827,Budget-friendly
7970,701000.0,50.53491288978105,3.7328113686013142,Exclusive
7971,310600.0,50.54061455452053,3.6564991592089098,Mid-range
7972,393916.5,50.55370748488333,3.694148224086389,Budget-friendly
7973,98000.0,50.506654719989385,3.7278930133097457,Economical
8000,587251.9379844961,51.232646001171425,3.2071828570336303,Exclusive
8020,426706.52173913043,51.115614510612126,3.20946687009095,Budget-friendly
8200,501350.4285714286,51.19372229465939,3.1708734667446055,Budget-friendly
8210,401740.5238095238,51.13670159091553,3.1364537581236362,Budget-friendly
8211,342214.28571428574,51.117200223533914,3.093794529125806,Mid-range
8300,1585979.5918367347,51.346651571344495,3.331958012765075,Upscale
8301,862956.7901234567,51.31166474283851,3.2588654806261412,Upscale
8310,431608.3333333333,51.21677335757064,3.2724169340982785,Mid-range
8340,1027750.0,51.242984753181155,3.3526971798341947,Mid-range
8370,312015.2083333333,51.29837935392511,3.14160121764503,Mid-range
8377,1350000.0,51.24088195427637,3.109097150981669,Exclusive
8380,375413.32258064515,51.319188488680844,3.1984127435592233,Exclusive
8400,334995.59824046923,51.204054302137884,2.920364240174513,Mid-range
8420,366627.66355140187,51.29866846302454,3.0922383231618036,Upscale
8430,280624.0833333333,51.17815500112932,2.8368380598056255,Mid-range
8432,441071.4285714286,51.16749162383475,2.8811201736596774,Mid-range
8433,207000.0,51.14935973377296,2.8358811713798677,Budget-friendly
8434,284659.45945945947,51.15486680637328,2.7761610348929397,Mid-range
8450,298204.12727272726,51.23671218246712,2.9773784952722453,Mid-range
8460,349654.35714285716,51.19721509326913,2.998147048625271,Upscale
8470,323125.0,51.1562401145374,2.9597453837462373,Budget-friendly
8480,295658.4772727273,51.130084962134525,3.0248478443119233,Mid-range
8490,399333.3333333333,51.18656071645014,3.087844865344226,Mid-range
8500,389039.1904761905,50.81548648715903,3.276541129725285,Budget-friendly
8501,370253.125,50.85249379414545,3.2340102684744165,Mid-range
8510,531166.1052631579,50.773491427377515,3.2969354667112425,Mid-range
8511,321238.3333333333,50.77635920318213,3.2240271003500363,Mid-range
8520,348074.0740740741,50.86016289078808,3.27159421386401,Mid-range
8530,336060.89285714284,50.84348326097594,3.317611496271605,Budget-friendly
8531,354493.75,50.89094037278907,3.2901107325128245,Mid-range
8540,287062.25,50.842562692188935,3.366165828303196,Mid-range
8550,338639.13636363635,50.80547297509661,3.339351438011737,Budget-friendly
8551,349000.0,50.793846078186775,3.3992783979228665,Mid-range
8552,333250.0,50.77320484048642,3.3859126303006803,Mid-range
8553,368405.0,50.80839107751576,3.4215637822902787,Mid-range
8554,281500.0,50.76269677519784,3.3518778713429906,Mid-range
8560,281075.0,50.83983510732439,3.1507135657129837,Budget-friendly
8570,420161.7818181818,50.84340914962332,3.464043077530356,Mid-range
8572,622000.0,50.814377568247124,3.494571566290156,Mid-range
8573,337666.6666666667,50.812531400589315,3.4653295400956363,Budget-friendly
8580,337617.6341463415,50.77754918828237,3.4483560009053003,Mid-range
8581,325000.0,50.79966114606921,3.503222554493061,Mid-range
8582,282833.3333333333,50.75878665269722,3.426397560847429,Mid-range
8583,169000.0,50.74897050321547,3.405276865798134,Budget-friendly
8587,730375.0,50.736639741135924,3.3809640679863673,Exclusive
8600,325842.14634146343,51.0547539517997,2.8727490452451248,Budget-friendly
8610,408775.3043478261,51.0244017181459,2.9995172539979014,Mid-range
8620,441221.52777777775,51.108205475195454,2.7795516374437015,Mid-range
8630,498850.0,51.044271735015755,2.6418910560283257,Budget-friendly
8640,348500.0,50.92894644794197,2.745174468977816,Upscale
8647,370583.3333333333,50.97051264978583,2.736133320548195,Budget-friendly
8650,327299.625,50.98454557706053,2.9030974565617265,Budget-friendly
8660,328554.6511627907,51.0704142079429,2.5945876048058936,Mid-range
8670,482579.71014492755,51.121346604412906,2.700626980557324,Mid-range
8680,295592.1052631579,51.09021185685532,2.9722168338691484,Budget-friendly
8690,779987.5,51.01476098287005,2.72121062374652,Exclusive
8691,247000.0,50.976301824160764,2.63603213658728,Budget-friendly
8700,292633.39285714284,50.99997764926436,3.3374069061288845,Mid-range
8710,386473.53571428574,50.91023075205403,3.358850342103825,Mid-range
8720,373347.6875,50.94966332294179,3.3924510777041075,Upscale
8730,373139.5833333333,51.12979244806573,3.320853323796497,Mid-range
8740,472000.0,50.99261140625523,3.270450267559886,Mid-range
8750,418180.82352941175,51.06781205827559,3.28867923741712,Budget-friendly
8755,446750.0,51.05512431930623,3.382269724086246,Mid-range
8760,346934.04347826086,50.95105389378751,3.295037936851297,Mid-range
8770,343173.07692307694,50.921458230622584,3.260684729457544,Mid-range
8780,314194.0714285714,50.93059447967373,3.3372204211631344,Mid-range
8790,403512.1529411765,50.878530359819216,3.426441012327737,Mid-range
8791,570500.0,50.87235752687971,3.345056110746947,Mid-range
8792,347886.17647058825,50.88478823206576,3.3677549097404054,Budget-friendly
8793,377931.22222222225,50.89985376070436,3.396984910260643,Mid-range
8800,321618.8333333333,50.94625796358603,3.1177834512642963,Budget-friendly
8810,499545.45454545453,51.02776706343605,3.1461225981811634,Luxurious
8820,315119.04761904763,51.062335838080806,3.095483897636927,Budget-friendly
8830,459763.63636363635,50.98182637352017,3.0640233035166684,Budget-friendly
8840,446200.0,50.96684101290582,3.0048781500757906,Mid-range
8850,402038.5,50.9707202465605,3.204586319277043,Mid-range
8851,391333.3333333333,51.006944651303314,3.1996567967432394,Budget-friendly
8860,396240.0,50.885991292634145,3.232021688120187,Mid-range
8870,324845.5503875969,50.91131070183646,3.2046318970732175,Upscale
8880,372316.5714285714,50.87492645636235,3.1513772152801423,Mid-range
8890,176663.7142857143,50.88759693424778,3.0741597685235034,Budget-friendly
8900,287032.05555555556,50.81848404852776,2.820689990115551,Budget-friendly
8902,428059.0,50.833226269872256,2.9323899166643654,Mid-range
8904,200000.0,50.89559226356297,2.865255587209115,Budget-friendly
8906,318000.0,50.88168535177004,2.8081336651108164,Mid-range
8920,307170.0,50.908899940491104,2.9247896783271297,Mid-range
8930,298885.5294117647,50.804089742749824,3.1215173255091266,Budget-friendly
8940,376222.22222222225,50.82465133123318,3.0713792802417728,Budget-friendly
8950,249000.0,50.73761074793143,2.824419784392634,Budget-friendly
8953,269000.0,50.782949599766326,2.902678146003848,Mid-range
8954,185775.0,50.79934939433776,2.7437920011764887,Budget-friendly
8956,240000.0,50.79001022171517,2.835750526775866,Budget-friendly
8957,119500.0,50.759777966611054,2.8975460982504275,Budget-friendly
8970,363809.63636363635,50.853593199911806,2.71933380201441,Mid-range
8972,208750.0,50.88590312626407,2.6565612254087987,Budget-friendly
8978,182000.0,50.847277895421854,2.6407127152519636,Budget-friendly
8980,323166.6666666667,50.86573873980175,2.979610977650222,Mid-range
9000,503511.99576271186,51.053260703972086,3.720262345300755,Mid-range
9030,481190.77777777775,51.07386417979972,3.6785357740312907,Upscale
9031,561844.3333333334,51.051202535013374,3.633046770040216,Mid-range
9032,351901.85185185185,51.115287374583325,3.738386889083249,Mid-range
9040,417375.3,51.06701435001319,3.7694068345287524,Mid-range
9041,393545.0909090909,51.103064477304066,3.772807392554319,Upscale
9042,416234.0,51.161780043746816,3.810343889705428,Mid-range
9050,456594.0298507463,51.03750198876654,3.7710482317047225,Mid-range
9051,404623.3870967742,51.020835067310294,3.6770404444377904,Mid-range
9052,495956.0256410256,51.00344710907644,3.7083253028608065,Upscale
9060,284695.652173913,51.19915619493164,3.8085967931803255,Mid-range
9070,644644.4444444445,51.02810615197796,3.812266535063497,Mid-range
9080,631184.2105263158,51.0996990473999,3.831947554237734,Mid-range
9090,490026.3157894737,51.00027811930153,3.7964919983728342,Mid-range
9100,396613.2266666667,51.16368187628335,4.156645019474472,Budget-friendly
9111,901000.0,51.15731459867738,4.089994967950732,Mid-range
9112,687500.0,51.16014232146869,4.029177437791314,Luxurious
9120,395152.0833333333,51.21395164485779,4.241424192342918,Upscale
9130,340750.0,51.29334611618766,4.203171492710529,Mid-range
9140,423716.5588235294,51.140756480974794,4.216570683439023,Mid-range
9150,343148.14814814815,51.1482626061719,4.285333793866953,Upscale
9160,349407.3870967742,51.100245533430055,3.968193939813087,Upscale
9170,419483.87096774194,51.22764907167518,4.119502014366569,Budget-friendly
9180,485386.6666666667,51.18224611521425,3.9450631009265,Exclusive
9185,635884.6153846154,51.18040422959496,3.8732661150898067,Budget-friendly
9190,402324.63636363635,51.21058097517089,4.018028609943872,Mid-range
9200,428214.1826923077,51.03696478515703,4.084093700934431,Mid-range
9220,363084.17647058825,51.089266350478,4.120667785433801,Mid-range
9230,395442.70588235295,51.00236028375542,3.8707194000984635,Budget-friendly
9240,362147.8333333333,51.06733279544228,4.035908298040555,Mid-range
9250,1104857.142857143,51.118651482590245,4.0748651273348475,Upscale
9255,485732.70588235295,51.00801606329608,4.192866346755479,Mid-range
9260,428492.0740740741,51.00798150472708,3.936369060878192,Mid-range
9270,463654.0,51.03888355150804,3.8572563876425936,Mid-range
9280,382577.6346153846,50.99414481507905,4.137729814030584,Upscale
9290,472583.84,51.02452070785009,3.9594524507697386,Mid-range
9300,342898.09493670886,50.941780843882924,4.047007532896995,Mid-range
9308,344335.63157894736,50.9673651621167,4.029669760417315,Mid-range
9310,632742.875,50.95430084590078,4.101311151466272,Mid-range
9320,370545.0,50.91524229667714,4.063243126487138,Mid-range
9340,400148.3043478261,50.957953814619216,3.942331671334093,Mid-range
9400,341573.27142857143,50.795727309381256,4.014183549287835,Mid-range
9401,355200.0,50.81752760603058,4.005803312914622,Mid-range
9402,289613.1111111111,50.819933611266514,4.047828651322145,Mid-range
9403,374000.0,50.80217727662278,4.061660845254389,Mid-range
9404,619826.6666666666,50.842928103900576,3.946633269793813,Upscale
9406,379000.0,50.84455637967905,3.9904657170479583,Mid-range
9420,404014.28571428574,50.916766900692416,3.965005574250437,Upscale
9450,375148.03571428574,50.8756806472586,4.0096342861603995,Mid-range
9451,359000.0,50.88499243738454,3.9811720709385954,Mid-range
9470,353447.36842105264,50.884211048076374,4.068749078554287,Mid-range
9472,236500.0,50.87453739606754,4.0447930829411956,Budget-friendly
9473,332583.3333333333,50.89809663996499,4.050302142583166,Mid-range
9500,353438.0746268657,50.820983674896276,3.8868636876065725,Mid-range
9506,339374.4761904762,50.787052491799976,3.937779364233144,Mid-range
9520,286100.0,50.9196479297709,3.850486439705949,Mid-range
9550,370165.3888888889,50.85766221605622,3.8867416222453217,Upscale
9552,525000.0,50.908600221464965,3.889208165923369,Upscale
9570,365780.2631578947,50.78878863358732,3.8431823958137774,Mid-range
9600,288620.47572815535,50.749709459509745,3.6075931433164605,Mid-range
9620,391997.3548387097,50.86893462600802,3.790568577398006,Upscale
9630,615909.1666666666,50.87804896694438,3.7346053432296387,Upscale
9650,500000.0,,,Mid-range
9660,306817.4603174603,50.804414751954994,3.7639609001757734,Mid-range
9661,670000.0,50.787756729438186,3.8006573450507704,Upscale
9667,392176.75,50.825598023975324,3.6997802610882604,Budget-friendly
9676,775000.0,,,Luxurious
9680,355322.22222222225,50.79985672096752,3.6269285276748473,Mid-range
9681,452500.0,50.78349852701911,3.6038124977970334,Upscale
9688,284000.0,50.78995440054331,3.6830242329156384,Mid-range
9690,345770.1785714286,50.77770082468756,3.5422652943080513,Budget-friendly
9700,373358.3422818792,50.848018865686875,3.611088262898648,Mid-range
9750,507890.8695652174,50.904546303248395,3.602442710188111,Mid-range
9770,408998.75,50.916145054810755,3.5299631913517944,Mid-range
9771,125000.0,50.882928824884424,3.5027556718941995,Budget-friendly
9790,469815.3,50.86191054804526,3.5005613467294294,Upscale
9800,438040.8333333333,50.98786919100002,3.5164337686649905,Mid-range
9810,514229.46428571426,50.95655594080886,3.595768004762264,Mid-range
9820,480569.1041666667,50.99390732762893,3.746326283353625,Budget-friendly
9830,1062328.3636363635,51.015740803574026,3.6294698250650828,Upscale
9831,810571.4285714285,50.99944078844335,3.6103097552337835,Luxurious
9840,601836.4615384615,50.978265393100166,3.6850030687203534,Upscale
9850,418797.8461538461,51.044421243003534,3.535967009652099,Mid-range
9860,568489.7931034482,50.933609936771354,3.7703436593791997,Mid-range
9870,497773.75,50.93514539477177,3.4714136791105457,Mid-range
9880,462919.8125,51.09151927680345,3.4195278281906196,Mid-range
9881,1062000.0,51.09168561675328,3.4977257175846765,Exclusive
9890,376071.90196078434,50.91707954807099,3.7078450201871163,Mid-range
9900,310984.97222222225,51.19431839992802,3.5623319136868963,Budget-friendly
9910,432583.3333333333,51.13162078202465,3.480613447575087,Mid-range
9920,494814.28571428574,51.10476775744932,3.622449773263771,Budget-friendly
9921,395000.0,51.085020282418405,3.639645638711476,Mid-range
9930,428250.0,51.11772486118317,3.561101157171588,Mid-range
9932,865000.0,51.13340587981811,3.5474694985779482,Upscale
9940,389521.8598130841,51.12040642924183,3.7075201896052277,Luxurious
9950,443066.6666666667,51.15208538001621,3.6096560081033076,Upscale
9960,239550.0,51.228166383700824,3.756207077499878,Mid-range
9961,308138.8888888889,51.25601063121515,3.71047142445394,Budget-friendly
9968,283555.55555555556,51.23188747088605,3.675027437464864,Budget-friendly
9970,351000.0,51.22723496446966,3.6164435324640904,Upscale
9971,342642.85714285716,51.19309612643193,3.6356493131868612,Mid-range
9980,474600.0,51.232721096844344,3.537156676449163,Upscale
9982,249000.0,51.25944310696155,3.5766214003970918,Budget-friendly
9988,214500.0,51.27265892988695,3.642019715836148,Budget-friendly
9990,490710.80555555556,51.19958507615239,3.4327722449576346,Upscale
9991,290354.1666666667,51.18218511767298,3.502766008215296,Mid-range
9992,170000.0,51.251803237430686,3.4080986433831844,Budget-friendly
